camera,day,frame_file,frame_path,timestamp,person_id_in_frame,x1,y1,x2,y2,bbox_width,bbox_height,bbox_area,center_x,center_y,confidence
bar_stage,day1,bar_stage_day1_18-00-00.jpg,data/raw_frames/bar_stage/day1 (04-08)/bar_stage_day1_18-00-00.jpg,18:00:00,1,625.91,316.47,781.01,548.66,155.09,232.18,36010.23,703.46,432.56,0.4248
bar_stage,day1,bar_stage_day1_18-00-00.jpg,data/raw_frames/bar_stage/day1 (04-08)/bar_stage_day1_18-00-00.jpg,18:00:00,2,620.61,312.07,782.44,744.15,161.83,432.09,69925.61,701.52,528.11,0.4112
bar_stage,day1,bar_stage_day1_18-00-00.jpg,data/raw_frames/bar_stage/day1 (04-08)/bar_stage_day1_18-00-00.jpg,18:00:00,3,1649.06,317.51,1777.59,622.45,128.52,304.94,39192.39,1713.32,469.98,0.4048
bar_stage,day1,bar_stage_day1_18-00-03.jpg,data/raw_frames/bar_stage/day1 (04-08)/bar_stage_day1_18-00-03.jpg,18:00:03,1,717.71,336.8,882.67,488.86,164.96,152.07,25085.16,800.19,412.83,0.6703
bar_stage,day1,bar_stage_day1_18-00-06.jpg,data/raw_frames/bar_stage/day1 (04-08)/bar_stage_day1_18-00-06.jpg,18:00:06,1,705.34,323.73,911.18,504.23,205.84,180.49,37151.95,808.26,413.98,0.6903
bar_stage,day1,bar_stage_day1_18-00-06.jpg,data/raw_frames/bar_stage/day1 (04-08)/bar_stage_day1_18-00-06.jpg,18:00:06,2,1649.15,318.34,1776.48,623.17,127.33,304.82,38812.48,1712.82,470.76,0.3241
bar_stage,day1,bar_stage_day1_18-00-06.jpg,data/raw_frames/bar_stage/day1 (04-08)/bar_stage_day1_18-00-06.jpg,18:00:06,3,1487.74,177.41,1618.59,757.71,130.85,580.3,75930.12,1553.16,467.56,0.2645
bar_stage,day1,bar_stage_day1_18-00-09.jpg,data/raw_frames/bar_stage/day1 (04-08)/bar_stage_day1_18-00-09.jpg,18:00:09,1,1649.46,316.39,1777.99,622.9,128.53,306.51,39396.47,1713.73,469.65,0.5158
bar_stage,day1,bar_stage_day1_18-00-09.jpg,data/raw_frames/bar_stage/day1 (04-08)/bar_stage_day1_18-00-09.jpg,18:00:09,2,1488.93,189.5,1618.87,755.06,129.95,565.56,73491.27,1553.9,472.28,0.3311
bar_stage,day1,bar_stage_day1_18-00-09.jpg,data/raw_frames/bar_stage/day1 (04-08)/bar_stage_day1_18-00-09.jpg,18:00:09,3,716.87,332.83,875.88,484.21,159.01,151.38,24070.7,796.37,408.52,0.3279
bar_stage,day1,bar_stage_day1_18-00-12.jpg,data/raw_frames/bar_stage/day1 (04-08)/bar_stage_day1_18-00-12.jpg,18:00:12,1,618.39,327.0,798.06,775.0,179.67,448.0,80493.33,708.23,551.0,0.501
bar_stage,day1,bar_stage_day1_18-00-12.jpg,data/raw_frames/bar_stage/day1 (04-08)/bar_stage_day1_18-00-12.jpg,18:00:12,2,1648.97,317.28,1779.3,622.97,130.34,305.69,39842.31,1714.14,470.13,0.4743
bar_stage,day1,bar_stage_day1_18-00-15.jpg,data/raw_frames/bar_stage/day1 (04-08)/bar_stage_day1_18-00-15.jpg,18:00:15,1,608.82,331.49,780.74,781.18,171.92,449.69,77311.36,694.78,556.34,0.4886
bar_stage,day1,bar_stage_day1_18-00-15.jpg,data/raw_frames/bar_stage/day1 (04-08)/bar_stage_day1_18-00-15.jpg,18:00:15,2,1481.02,166.27,1619.91,758.02,138.89,591.75,82187.56,1550.47,462.14,0.4017
bar_stage,day1,bar_stage_day1_18-00-15.jpg,data/raw_frames/bar_stage/day1 (04-08)/bar_stage_day1_18-00-15.jpg,18:00:15,3,1646.78,315.88,1777.54,622.75,130.77,306.87,40128.69,1712.16,469.31,0.3601
bar_stage,day1,bar_stage_day1_18-00-18.jpg,data/raw_frames/bar_stage/day1 (04-08)/bar_stage_day1_18-00-18.jpg,18:00:18,1,1637.56,311.57,1776.55,621.81,138.99,310.23,43117.7,1707.06,466.69,0.4437
bar_stage,day1,bar_stage_day1_18-00-18.jpg,data/raw_frames/bar_stage/day1 (04-08)/bar_stage_day1_18-00-18.jpg,18:00:18,2,1475.76,176.12,1618.33,752.61,142.57,576.49,82190.46,1547.05,464.37,0.3181
bar_stage,day1,bar_stage_day1_18-00-18.jpg,data/raw_frames/bar_stage/day1 (04-08)/bar_stage_day1_18-00-18.jpg,18:00:18,3,782.59,331.12,905.51,486.28,122.92,155.16,19072.92,844.05,408.7,0.3006
bar_stage,day1,bar_stage_day1_18-00-21.jpg,data/raw_frames/bar_stage/day1 (04-08)/bar_stage_day1_18-00-21.jpg,18:00:21,1,784.03,326.01,909.23,493.98,125.2,167.97,21030.47,846.63,409.99,0.4892
bar_stage,day1,bar_stage_day1_18-00-21.jpg,data/raw_frames/bar_stage/day1 (04-08)/bar_stage_day1_18-00-21.jpg,18:00:21,2,1647.78,320.89,1776.96,622.82,129.17,301.93,39001.53,1712.37,471.85,0.3347
bar_stage,day1,bar_stage_day1_18-00-21.jpg,data/raw_frames/bar_stage/day1 (04-08)/bar_stage_day1_18-00-21.jpg,18:00:21,3,1481.54,175.23,1618.17,757.63,136.63,582.4,79571.26,1549.85,466.43,0.3315
bar_stage,day1,bar_stage_day1_18-00-21.jpg,data/raw_frames/bar_stage/day1 (04-08)/bar_stage_day1_18-00-21.jpg,18:00:21,4,935.65,379.89,1009.45,539.83,73.8,159.95,11804.74,972.55,459.86,0.2726
bar_stage,day1,bar_stage_day1_18-00-24.jpg,data/raw_frames/bar_stage/day1 (04-08)/bar_stage_day1_18-00-24.jpg,18:00:24,1,1649.62,317.85,1776.68,623.35,127.06,305.5,38816.66,1713.15,470.6,0.4216
bar_stage,day1,bar_stage_day1_18-00-24.jpg,data/raw_frames/bar_stage/day1 (04-08)/bar_stage_day1_18-00-24.jpg,18:00:24,2,973.73,374.33,1041.91,476.86,68.18,102.53,6990.2,1007.82,425.6,0.3681
bar_stage,day1,bar_stage_day1_18-00-24.jpg,data/raw_frames/bar_stage/day1 (04-08)/bar_stage_day1_18-00-24.jpg,18:00:24,3,939.76,402.53,1001.52,539.55,61.76,137.03,8462.71,970.64,471.04,0.2724
bar_stage,day1,bar_stage_day1_18-00-27.jpg,data/raw_frames/bar_stage/day1 (04-08)/bar_stage_day1_18-00-27.jpg,18:00:27,1,1648.97,316.63,1776.19,622.05,127.22,305.42,38856.33,1712.58,469.34,0.483
bar_stage,day1,bar_stage_day1_18-00-30.jpg,data/raw_frames/bar_stage/day1 (04-08)/bar_stage_day1_18-00-30.jpg,18:00:30,1,1648.64,318.05,1777.0,621.63,128.36,303.58,38966.28,1712.82,469.84,0.4109
bar_stage,day1,bar_stage_day1_18-00-30.jpg,data/raw_frames/bar_stage/day1 (04-08)/bar_stage_day1_18-00-30.jpg,18:00:30,2,1484.3,182.56,1619.53,760.14,135.23,577.57,78105.67,1551.91,471.35,0.2937
bar_stage,day1,bar_stage_day1_18-00-33.jpg,data/raw_frames/bar_stage/day1 (04-08)/bar_stage_day1_18-00-33.jpg,18:00:33,1,1649.31,319.3,1776.61,622.02,127.31,302.73,38538.84,1712.96,470.66,0.2671
bar_stage,day1,bar_stage_day1_18-00-36.jpg,data/raw_frames/bar_stage/day1 (04-08)/bar_stage_day1_18-00-36.jpg,18:00:36,1,1649.41,316.51,1777.05,622.16,127.64,305.65,39012.35,1713.23,469.33,0.3285
bar_stage,day1,bar_stage_day1_18-00-39.jpg,data/raw_frames/bar_stage/day1 (04-08)/bar_stage_day1_18-00-39.jpg,18:00:39,1,1650.29,316.64,1775.87,621.74,125.58,305.1,38314.04,1713.08,469.19,0.3236
bar_stage,day1,bar_stage_day1_18-00-42.jpg,data/raw_frames/bar_stage/day1 (04-08)/bar_stage_day1_18-00-42.jpg,18:00:42,1,1152.16,466.33,1543.56,1071.87,391.4,605.54,237010.72,1347.86,769.1,0.8755
bar_stage,day1,bar_stage_day1_18-00-42.jpg,data/raw_frames/bar_stage/day1 (04-08)/bar_stage_day1_18-00-42.jpg,18:00:42,2,926.94,318.25,983.19,470.21,56.25,151.96,8548.12,955.07,394.23,0.4714
bar_stage,day1,bar_stage_day1_18-00-42.jpg,data/raw_frames/bar_stage/day1 (04-08)/bar_stage_day1_18-00-42.jpg,18:00:42,3,1649.95,310.88,1775.9,622.23,125.95,311.35,39215.52,1712.93,466.55,0.4211
bar_stage,day1,bar_stage_day1_18-00-45.jpg,data/raw_frames/bar_stage/day1 (04-08)/bar_stage_day1_18-00-45.jpg,18:00:45,1,1165.35,467.25,1545.3,1072.75,379.94,605.5,230056.49,1355.32,770.0,0.8694
bar_stage,day1,bar_stage_day1_18-00-45.jpg,data/raw_frames/bar_stage/day1 (04-08)/bar_stage_day1_18-00-45.jpg,18:00:45,2,1649.92,315.39,1775.08,622.13,125.16,306.74,38390.41,1712.5,468.76,0.6068
bar_stage,day1,bar_stage_day1_18-00-45.jpg,data/raw_frames/bar_stage/day1 (04-08)/bar_stage_day1_18-00-45.jpg,18:00:45,3,877.91,321.56,958.43,475.88,80.52,154.32,12426.11,918.17,398.72,0.4634
bar_stage,day1,bar_stage_day1_18-00-45.jpg,data/raw_frames/bar_stage/day1 (04-08)/bar_stage_day1_18-00-45.jpg,18:00:45,4,957.44,346.46,1013.1,476.7,55.66,130.25,7249.49,985.27,411.58,0.3216
bar_stage,day1,bar_stage_day1_18-00-45.jpg,data/raw_frames/bar_stage/day1 (04-08)/bar_stage_day1_18-00-45.jpg,18:00:45,5,1477.98,190.52,1619.41,743.27,141.43,552.76,78174.93,1548.7,466.9,0.2611
bar_stage,day1,bar_stage_day1_18-00-48.jpg,data/raw_frames/bar_stage/day1 (04-08)/bar_stage_day1_18-00-48.jpg,18:00:48,1,1650.09,317.42,1775.76,622.76,125.67,305.35,38372.85,1712.92,470.09,0.3627
bar_stage,day1,bar_stage_day1_18-00-48.jpg,data/raw_frames/bar_stage/day1 (04-08)/bar_stage_day1_18-00-48.jpg,18:00:48,2,1485.11,186.68,1618.91,747.4,133.8,560.72,75023.34,1552.01,467.04,0.3226
bar_stage,day1,bar_stage_day1_18-00-51.jpg,data/raw_frames/bar_stage/day1 (04-08)/bar_stage_day1_18-00-51.jpg,18:00:51,1,1646.77,321.24,1775.07,621.24,128.3,299.99,38488.83,1710.92,471.24,0.4491
bar_stage,day1,bar_stage_day1_18-00-54.jpg,data/raw_frames/bar_stage/day1 (04-08)/bar_stage_day1_18-00-54.jpg,18:00:54,1,1648.46,315.22,1777.18,621.21,128.72,305.99,39386.56,1712.82,468.21,0.5209
bar_stage,day1,bar_stage_day1_18-00-54.jpg,data/raw_frames/bar_stage/day1 (04-08)/bar_stage_day1_18-00-54.jpg,18:00:54,2,900.1,313.53,958.2,467.13,58.1,153.61,8925.25,929.15,390.33,0.4893
bar_stage,day1,bar_stage_day1_18-00-54.jpg,data/raw_frames/bar_stage/day1 (04-08)/bar_stage_day1_18-00-54.jpg,18:00:54,3,1490.33,179.08,1619.31,756.69,128.97,577.61,74495.96,1554.82,467.88,0.3623
bar_stage,day1,bar_stage_day1_18-00-57.jpg,data/raw_frames/bar_stage/day1 (04-08)/bar_stage_day1_18-00-57.jpg,18:00:57,1,1651.55,318.01,1776.33,622.28,124.77,304.27,37964.16,1713.94,470.14,0.5651
bar_stage,day1,bar_stage_day1_18-01-00.jpg,data/raw_frames/bar_stage/day1 (04-08)/bar_stage_day1_18-01-00.jpg,18:01:00,1,1650.25,313.31,1777.25,622.25,127.0,308.94,39235.16,1713.75,467.78,0.4905
bar_stage,day1,bar_stage_day1_18-01-03.jpg,data/raw_frames/bar_stage/day1 (04-08)/bar_stage_day1_18-01-03.jpg,18:01:03,1,664.31,338.78,798.54,495.15,134.23,156.36,20988.2,731.42,416.96,0.5607
bar_stage,day1,bar_stage_day1_18-01-03.jpg,data/raw_frames/bar_stage/day1 (04-08)/bar_stage_day1_18-01-03.jpg,18:01:03,2,661.53,337.56,796.61,572.49,135.08,234.93,31735.52,729.07,455.03,0.484
bar_stage,day1,bar_stage_day1_18-01-03.jpg,data/raw_frames/bar_stage/day1 (04-08)/bar_stage_day1_18-01-03.jpg,18:01:03,3,1650.58,316.38,1776.22,622.91,125.64,306.53,38511.89,1713.4,469.64,0.4469
bar_stage,day1,bar_stage_day1_18-01-06.jpg,data/raw_frames/bar_stage/day1 (04-08)/bar_stage_day1_18-01-06.jpg,18:01:06,1,419.23,407.14,639.33,875.82,220.09,468.68,103152.64,529.28,641.48,0.7764
bar_stage,day1,bar_stage_day1_18-01-06.jpg,data/raw_frames/bar_stage/day1 (04-08)/bar_stage_day1_18-01-06.jpg,18:01:06,2,1651.06,311.71,1775.84,621.21,124.78,309.5,38618.63,1713.45,466.46,0.2651
bar_stage,day1,bar_stage_day1_18-01-09.jpg,data/raw_frames/bar_stage/day1 (04-08)/bar_stage_day1_18-01-09.jpg,18:01:09,1,335.35,396.58,563.76,951.58,228.41,555.0,126769.38,449.56,674.08,0.8501
bar_stage,day1,bar_stage_day1_18-01-09.jpg,data/raw_frames/bar_stage/day1 (04-08)/bar_stage_day1_18-01-09.jpg,18:01:09,2,952.87,318.72,1000.1,448.32,47.23,129.6,6120.59,976.49,383.52,0.5879
bar_stage,day1,bar_stage_day1_18-01-09.jpg,data/raw_frames/bar_stage/day1 (04-08)/bar_stage_day1_18-01-09.jpg,18:01:09,3,909.61,331.14,961.97,461.39,52.36,130.25,6819.47,935.79,396.26,0.4467
bar_stage,day1,bar_stage_day1_18-01-09.jpg,data/raw_frames/bar_stage/day1 (04-08)/bar_stage_day1_18-01-09.jpg,18:01:09,4,1649.72,319.45,1775.23,622.71,125.5,303.26,38060.96,1712.47,471.08,0.3914
bar_stage,day1,bar_stage_day1_18-01-12.jpg,data/raw_frames/bar_stage/day1 (04-08)/bar_stage_day1_18-01-12.jpg,18:01:12,1,256.28,426.38,508.71,1012.44,252.43,586.06,147938.54,382.49,719.41,0.8596
bar_stage,day1,bar_stage_day1_18-01-12.jpg,data/raw_frames/bar_stage/day1 (04-08)/bar_stage_day1_18-01-12.jpg,18:01:12,2,1650.89,312.66,1776.44,622.91,125.55,310.25,38950.88,1713.67,467.79,0.4866
bar_stage,day1,bar_stage_day1_18-01-12.jpg,data/raw_frames/bar_stage/day1 (04-08)/bar_stage_day1_18-01-12.jpg,18:01:12,3,831.77,328.17,902.53,484.28,70.76,156.12,11046.04,867.15,406.22,0.2913
bar_stage,day1,bar_stage_day1_18-01-15.jpg,data/raw_frames/bar_stage/day1 (04-08)/bar_stage_day1_18-01-15.jpg,18:01:15,1,912.32,360.84,1165.28,882.96,252.96,522.12,132074.28,1038.8,621.9,0.7622
bar_stage,day1,bar_stage_day1_18-01-15.jpg,data/raw_frames/bar_stage/day1 (04-08)/bar_stage_day1_18-01-15.jpg,18:01:15,2,1651.13,317.23,1776.5,621.26,125.37,304.04,38117.03,1713.82,469.24,0.5072
bar_stage,day1,bar_stage_day1_18-01-18.jpg,data/raw_frames/bar_stage/day1 (04-08)/bar_stage_day1_18-01-18.jpg,18:01:18,1,857.98,348.8,1162.65,858.92,304.67,510.12,155420.26,1010.31,603.86,0.8547
bar_stage,day1,bar_stage_day1_18-01-18.jpg,data/raw_frames/bar_stage/day1 (04-08)/bar_stage_day1_18-01-18.jpg,18:01:18,2,1647.72,317.2,1776.35,622.49,128.63,305.29,39269.11,1712.03,469.85,0.4628
bar_stage,day1,bar_stage_day1_18-01-18.jpg,data/raw_frames/bar_stage/day1 (04-08)/bar_stage_day1_18-01-18.jpg,18:01:18,3,1489.2,192.21,1618.07,754.05,128.87,561.84,72403.89,1553.64,473.13,0.2723
bar_stage,day1,bar_stage_day1_18-01-21.jpg,data/raw_frames/bar_stage/day1 (04-08)/bar_stage_day1_18-01-21.jpg,18:01:21,1,1220.64,365.18,1531.71,1003.58,311.07,638.4,198585.08,1376.17,684.38,0.8837
bar_stage,day1,bar_stage_day1_18-01-21.jpg,data/raw_frames/bar_stage/day1 (04-08)/bar_stage_day1_18-01-21.jpg,18:01:21,2,1647.92,319.31,1776.97,622.42,129.04,303.11,39113.49,1712.44,470.86,0.3082
bar_stage,day1,bar_stage_day1_18-01-24.jpg,data/raw_frames/bar_stage/day1 (04-08)/bar_stage_day1_18-01-24.jpg,18:01:24,1,861.38,331.39,1081.61,924.77,220.23,593.37,130677.87,971.5,628.08,0.8599
bar_stage,day1,bar_stage_day1_18-01-24.jpg,data/raw_frames/bar_stage/day1 (04-08)/bar_stage_day1_18-01-24.jpg,18:01:24,2,1650.29,319.58,1776.53,621.76,126.24,302.18,38147.09,1713.41,470.67,0.2866
bar_stage,day1,bar_stage_day1_18-01-27.jpg,data/raw_frames/bar_stage/day1 (04-08)/bar_stage_day1_18-01-27.jpg,18:01:27,1,848.07,334.91,1074.89,928.6,226.81,593.68,134654.45,961.48,631.76,0.8752
bar_stage,day1,bar_stage_day1_18-01-27.jpg,data/raw_frames/bar_stage/day1 (04-08)/bar_stage_day1_18-01-27.jpg,18:01:27,2,1649.57,316.97,1776.0,620.9,126.42,303.93,38423.21,1712.79,468.93,0.4519
bar_stage,day1,bar_stage_day1_18-01-30.jpg,data/raw_frames/bar_stage/day1 (04-08)/bar_stage_day1_18-01-30.jpg,18:01:30,1,570.1,359.02,776.06,943.14,205.96,584.12,120305.16,673.08,651.08,0.8535
bar_stage,day1,bar_stage_day1_18-01-30.jpg,data/raw_frames/bar_stage/day1 (04-08)/bar_stage_day1_18-01-30.jpg,18:01:30,2,815.39,333.69,864.31,474.4,48.92,140.7,6883.71,839.85,404.04,0.4764
bar_stage,day1,bar_stage_day1_18-01-30.jpg,data/raw_frames/bar_stage/day1 (04-08)/bar_stage_day1_18-01-30.jpg,18:01:30,3,1001.28,347.92,1042.42,448.34,41.14,100.42,4131.14,1021.85,398.13,0.3466
bar_stage,day1,bar_stage_day1_18-01-30.jpg,data/raw_frames/bar_stage/day1 (04-08)/bar_stage_day1_18-01-30.jpg,18:01:30,4,1648.87,316.48,1777.09,620.78,128.22,304.3,39016.75,1712.98,468.63,0.3274
bar_stage,day1,bar_stage_day1_18-01-30.jpg,data/raw_frames/bar_stage/day1 (04-08)/bar_stage_day1_18-01-30.jpg,18:01:30,5,856.45,329.06,921.82,473.44,65.36,144.37,9436.35,889.14,401.25,0.3052
bar_stage,day1,bar_stage_day1_18-01-33.jpg,data/raw_frames/bar_stage/day1 (04-08)/bar_stage_day1_18-01-33.jpg,18:01:33,1,419.79,358.16,610.84,910.42,191.05,552.26,105512.1,515.32,634.29,0.8803
bar_stage,day1,bar_stage_day1_18-01-33.jpg,data/raw_frames/bar_stage/day1 (04-08)/bar_stage_day1_18-01-33.jpg,18:01:33,2,904.97,343.32,957.04,474.02,52.07,130.7,6805.13,931.01,408.67,0.4973
bar_stage,day1,bar_stage_day1_18-01-33.jpg,data/raw_frames/bar_stage/day1 (04-08)/bar_stage_day1_18-01-33.jpg,18:01:33,3,1643.33,313.57,1776.86,622.13,133.53,308.56,41202.55,1710.09,467.85,0.4734
bar_stage,day1,bar_stage_day1_18-01-33.jpg,data/raw_frames/bar_stage/day1 (04-08)/bar_stage_day1_18-01-33.jpg,18:01:33,4,830.53,341.72,886.43,472.06,55.9,130.35,7285.71,858.48,406.89,0.3672
bar_stage,day1,bar_stage_day1_18-01-33.jpg,data/raw_frames/bar_stage/day1 (04-08)/bar_stage_day1_18-01-33.jpg,18:01:33,5,1006.01,348.26,1043.48,447.95,37.47,99.69,3735.35,1024.75,398.11,0.2815
bar_stage,day1,bar_stage_day1_18-01-36.jpg,data/raw_frames/bar_stage/day1 (04-08)/bar_stage_day1_18-01-36.jpg,18:01:36,1,263.4,357.99,489.8,948.48,226.41,590.48,133688.93,376.6,653.23,0.7875
bar_stage,day1,bar_stage_day1_18-01-36.jpg,data/raw_frames/bar_stage/day1 (04-08)/bar_stage_day1_18-01-36.jpg,18:01:36,2,1647.13,314.9,1775.63,620.41,128.5,305.51,39258.92,1711.38,467.66,0.3416
bar_stage,day1,bar_stage_day1_18-01-36.jpg,data/raw_frames/bar_stage/day1 (04-08)/bar_stage_day1_18-01-36.jpg,18:01:36,3,814.05,327.0,874.9,475.71,60.85,148.71,9049.11,844.48,401.35,0.3236
bar_stage,day1,bar_stage_day1_18-01-36.jpg,data/raw_frames/bar_stage/day1 (04-08)/bar_stage_day1_18-01-36.jpg,18:01:36,4,1480.8,452.64,1613.32,766.35,132.52,313.72,41572.38,1547.06,609.5,0.2968
bar_stage,day1,bar_stage_day1_18-01-39.jpg,data/raw_frames/bar_stage/day1 (04-08)/bar_stage_day1_18-01-39.jpg,18:01:39,1,155.44,377.43,431.75,984.25,276.3,606.83,167668.17,293.6,680.84,0.7749
bar_stage,day1,bar_stage_day1_18-01-39.jpg,data/raw_frames/bar_stage/day1 (04-08)/bar_stage_day1_18-01-39.jpg,18:01:39,2,355.59,337.82,508.15,837.97,152.56,500.15,76304.9,431.87,587.9,0.5797
bar_stage,day1,bar_stage_day1_18-01-39.jpg,data/raw_frames/bar_stage/day1 (04-08)/bar_stage_day1_18-01-39.jpg,18:01:39,3,238.57,383.2,430.85,985.92,192.28,602.72,115892.26,334.71,684.56,0.4322
bar_stage,day1,bar_stage_day1_18-01-39.jpg,data/raw_frames/bar_stage/day1 (04-08)/bar_stage_day1_18-01-39.jpg,18:01:39,4,940.22,315.45,1001.0,470.54,60.78,155.08,9426.08,970.61,393.0,0.3318
bar_stage,day1,bar_stage_day1_18-01-39.jpg,data/raw_frames/bar_stage/day1 (04-08)/bar_stage_day1_18-01-39.jpg,18:01:39,5,1647.07,318.32,1776.9,620.31,129.84,301.99,39210.25,1711.99,469.31,0.2835
bar_stage,day1,bar_stage_day1_18-01-42.jpg,data/raw_frames/bar_stage/day1 (04-08)/bar_stage_day1_18-01-42.jpg,18:01:42,1,287.3,348.86,579.76,911.11,292.46,562.25,164436.92,433.53,629.99,0.7551
bar_stage,day1,bar_stage_day1_18-01-42.jpg,data/raw_frames/bar_stage/day1 (04-08)/bar_stage_day1_18-01-42.jpg,18:01:42,2,376.82,358.14,575.8,907.29,198.97,549.14,109265.58,476.31,632.72,0.5071
bar_stage,day1,bar_stage_day1_18-01-42.jpg,data/raw_frames/bar_stage/day1 (04-08)/bar_stage_day1_18-01-42.jpg,18:01:42,3,1648.85,316.39,1777.26,621.36,128.41,304.98,39162.18,1713.05,468.88,0.431
bar_stage,day1,bar_stage_day1_18-01-45.jpg,data/raw_frames/bar_stage/day1 (04-08)/bar_stage_day1_18-01-45.jpg,18:01:45,1,468.85,347.08,634.66,858.46,165.81,511.38,84792.48,551.75,602.77,0.7234
bar_stage,day1,bar_stage_day1_18-01-45.jpg,data/raw_frames/bar_stage/day1 (04-08)/bar_stage_day1_18-01-45.jpg,18:01:45,2,354.17,337.78,510.92,823.46,156.74,485.68,76126.45,432.54,580.62,0.5856
bar_stage,day1,bar_stage_day1_18-01-45.jpg,data/raw_frames/bar_stage/day1 (04-08)/bar_stage_day1_18-01-45.jpg,18:01:45,3,1648.42,319.31,1777.02,619.22,128.6,299.9,38567.46,1712.72,469.27,0.4209
bar_stage,day1,bar_stage_day1_18-01-45.jpg,data/raw_frames/bar_stage/day1 (04-08)/bar_stage_day1_18-01-45.jpg,18:01:45,4,1475.71,455.48,1612.98,768.37,137.28,312.89,42952.44,1544.35,611.92,0.2581
bar_stage,day1,bar_stage_day1_18-01-48.jpg,data/raw_frames/bar_stage/day1 (04-08)/bar_stage_day1_18-01-48.jpg,18:01:48,1,730.72,361.31,1104.69,967.72,373.97,606.42,226780.51,917.7,664.52,0.8885
bar_stage,day1,bar_stage_day1_18-01-48.jpg,data/raw_frames/bar_stage/day1 (04-08)/bar_stage_day1_18-01-48.jpg,18:01:48,2,906.09,309.74,969.03,476.56,62.94,166.82,10499.84,937.56,393.15,0.5293
bar_stage,day1,bar_stage_day1_18-01-48.jpg,data/raw_frames/bar_stage/day1 (04-08)/bar_stage_day1_18-01-48.jpg,18:01:48,3,1632.16,313.58,1775.4,619.82,143.24,306.25,43867.21,1703.78,466.7,0.3461
bar_stage,day1,bar_stage_day1_18-01-48.jpg,data/raw_frames/bar_stage/day1 (04-08)/bar_stage_day1_18-01-48.jpg,18:01:48,4,415.41,307.36,556.19,734.73,140.79,427.37,60169.04,485.8,521.04,0.321
bar_stage,day1,bar_stage_day1_18-01-48.jpg,data/raw_frames/bar_stage/day1 (04-08)/bar_stage_day1_18-01-48.jpg,18:01:48,5,1478.97,454.21,1613.31,766.83,134.34,312.62,41996.98,1546.14,610.52,0.3155
bar_stage,day1,bar_stage_day1_18-01-51.jpg,data/raw_frames/bar_stage/day1 (04-08)/bar_stage_day1_18-01-51.jpg,18:01:51,1,1262.84,360.45,1513.57,957.7,250.74,597.25,149753.58,1388.2,659.08,0.8759
bar_stage,day1,bar_stage_day1_18-01-51.jpg,data/raw_frames/bar_stage/day1 (04-08)/bar_stage_day1_18-01-51.jpg,18:01:51,2,904.53,306.59,969.25,480.06,64.72,173.46,11227.25,936.89,393.33,0.5859
bar_stage,day1,bar_stage_day1_18-01-51.jpg,data/raw_frames/bar_stage/day1 (04-08)/bar_stage_day1_18-01-51.jpg,18:01:51,3,821.57,330.27,886.39,471.05,64.82,140.78,9125.06,853.98,400.66,0.4773
bar_stage,day1,bar_stage_day1_18-01-51.jpg,data/raw_frames/bar_stage/day1 (04-08)/bar_stage_day1_18-01-51.jpg,18:01:51,4,1642.75,318.21,1775.3,621.41,132.55,303.2,40189.67,1709.02,469.81,0.3972
bar_stage,day1,bar_stage_day1_18-01-51.jpg,data/raw_frames/bar_stage/day1 (04-08)/bar_stage_day1_18-01-51.jpg,18:01:51,5,1488.43,453.5,1609.14,772.18,120.71,318.68,38467.36,1548.78,612.84,0.3859
bar_stage,day1,bar_stage_day1_18-01-54.jpg,data/raw_frames/bar_stage/day1 (04-08)/bar_stage_day1_18-01-54.jpg,18:01:54,1,1176.91,368.95,1449.85,963.44,272.93,594.49,162257.95,1313.38,666.19,0.8673
bar_stage,day1,bar_stage_day1_18-01-54.jpg,data/raw_frames/bar_stage/day1 (04-08)/bar_stage_day1_18-01-54.jpg,18:01:54,2,904.85,306.99,969.51,482.3,64.65,175.32,11334.7,937.18,394.64,0.5482
bar_stage,day1,bar_stage_day1_18-01-54.jpg,data/raw_frames/bar_stage/day1 (04-08)/bar_stage_day1_18-01-54.jpg,18:01:54,3,1482.82,453.93,1611.2,774.91,128.38,320.98,41207.56,1547.01,614.42,0.4125
bar_stage,day1,bar_stage_day1_18-01-54.jpg,data/raw_frames/bar_stage/day1 (04-08)/bar_stage_day1_18-01-54.jpg,18:01:54,4,1646.35,315.3,1775.73,620.25,129.37,304.95,39451.82,1711.04,467.78,0.3906
bar_stage,day1,bar_stage_day1_18-01-54.jpg,data/raw_frames/bar_stage/day1 (04-08)/bar_stage_day1_18-01-54.jpg,18:01:54,5,828.38,331.82,886.12,470.3,57.74,138.47,7995.62,857.25,401.06,0.3895
bar_stage,day1,bar_stage_day1_18-01-57.jpg,data/raw_frames/bar_stage/day1 (04-08)/bar_stage_day1_18-01-57.jpg,18:01:57,1,1176.91,368.95,1449.85,963.44,272.93,594.49,162257.95,1313.38,666.19,0.8673
bar_stage,day1,bar_stage_day1_18-01-57.jpg,data/raw_frames/bar_stage/day1 (04-08)/bar_stage_day1_18-01-57.jpg,18:01:57,2,904.85,306.99,969.51,482.3,64.65,175.32,11334.7,937.18,394.64,0.5482
bar_stage,day1,bar_stage_day1_18-01-57.jpg,data/raw_frames/bar_stage/day1 (04-08)/bar_stage_day1_18-01-57.jpg,18:01:57,3,1482.82,453.93,1611.2,774.91,128.38,320.98,41207.56,1547.01,614.42,0.4125
bar_stage,day1,bar_stage_day1_18-01-57.jpg,data/raw_frames/bar_stage/day1 (04-08)/bar_stage_day1_18-01-57.jpg,18:01:57,4,1646.35,315.3,1775.73,620.25,129.37,304.95,39451.82,1711.04,467.78,0.3906
bar_stage,day1,bar_stage_day1_18-01-57.jpg,data/raw_frames/bar_stage/day1 (04-08)/bar_stage_day1_18-01-57.jpg,18:01:57,5,828.38,331.82,886.12,470.3,57.74,138.47,7995.62,857.25,401.06,0.3895
bar_stage,day1,bar_stage_day1_18-02-00.jpg,data/raw_frames/bar_stage/day1 (04-08)/bar_stage_day1_18-02-00.jpg,18:02:00,1,1526.84,334.5,1809.95,961.44,283.11,626.94,177494.52,1668.4,647.97,0.8648
bar_stage,day1,bar_stage_day1_18-02-00.jpg,data/raw_frames/bar_stage/day1 (04-08)/bar_stage_day1_18-02-00.jpg,18:02:00,2,907.53,310.14,967.27,471.82,59.74,161.67,9658.88,937.4,390.98,0.5628
bar_stage,day1,bar_stage_day1_18-02-00.jpg,data/raw_frames/bar_stage/day1 (04-08)/bar_stage_day1_18-02-00.jpg,18:02:00,3,817.9,328.24,887.47,469.48,69.57,141.23,9825.48,852.68,398.86,0.5346
bar_stage,day1,bar_stage_day1_18-02-00.jpg,data/raw_frames/bar_stage/day1 (04-08)/bar_stage_day1_18-02-00.jpg,18:02:00,4,934.71,396.35,1040.36,547.64,105.66,151.29,15984.9,987.54,471.99,0.4032
bar_stage,day1,bar_stage_day1_18-02-00.jpg,data/raw_frames/bar_stage/day1 (04-08)/bar_stage_day1_18-02-00.jpg,18:02:00,5,1297.19,409.3,1433.88,794.2,136.69,384.9,52612.04,1365.54,601.75,0.2726
bar_stage,day1,bar_stage_day1_18-02-03.jpg,data/raw_frames/bar_stage/day1 (04-08)/bar_stage_day1_18-02-03.jpg,18:02:03,1,1367.53,337.66,1535.04,843.29,167.52,505.63,84701.85,1451.28,590.47,0.8445
bar_stage,day1,bar_stage_day1_18-02-03.jpg,data/raw_frames/bar_stage/day1 (04-08)/bar_stage_day1_18-02-03.jpg,18:02:03,2,1648.88,319.98,1774.75,623.14,125.87,303.16,38159.69,1711.81,471.56,0.6155
bar_stage,day1,bar_stage_day1_18-02-03.jpg,data/raw_frames/bar_stage/day1 (04-08)/bar_stage_day1_18-02-03.jpg,18:02:03,3,905.54,307.79,965.7,471.72,60.16,163.94,9862.11,935.62,389.75,0.5396
bar_stage,day1,bar_stage_day1_18-02-03.jpg,data/raw_frames/bar_stage/day1 (04-08)/bar_stage_day1_18-02-03.jpg,18:02:03,4,1509.98,276.61,1616.04,769.77,106.06,493.16,52303.74,1563.01,523.19,0.5391
bar_stage,day1,bar_stage_day1_18-02-03.jpg,data/raw_frames/bar_stage/day1 (04-08)/bar_stage_day1_18-02-03.jpg,18:02:03,5,817.84,326.97,886.86,466.91,69.02,139.94,9659.09,852.35,396.94,0.534
bar_stage,day1,bar_stage_day1_18-02-03.jpg,data/raw_frames/bar_stage/day1 (04-08)/bar_stage_day1_18-02-03.jpg,18:02:03,6,907.68,309.69,966.41,413.69,58.73,104.0,6108.12,937.05,361.69,0.3466
bar_stage,day1,bar_stage_day1_18-02-03.jpg,data/raw_frames/bar_stage/day1 (04-08)/bar_stage_day1_18-02-03.jpg,18:02:03,7,415.28,323.43,549.32,722.23,134.04,398.8,53455.83,482.3,522.83,0.2556
bar_stage,day1,bar_stage_day1_18-02-06.jpg,data/raw_frames/bar_stage/day1 (04-08)/bar_stage_day1_18-02-06.jpg,18:02:06,1,818.61,317.62,887.11,473.47,68.5,155.85,10675.29,852.86,395.55,0.4763
bar_stage,day1,bar_stage_day1_18-02-06.jpg,data/raw_frames/bar_stage/day1 (04-08)/bar_stage_day1_18-02-06.jpg,18:02:06,2,1648.08,318.33,1776.24,620.16,128.16,301.83,38683.25,1712.16,469.25,0.4219
bar_stage,day1,bar_stage_day1_18-02-06.jpg,data/raw_frames/bar_stage/day1 (04-08)/bar_stage_day1_18-02-06.jpg,18:02:06,3,1481.31,458.52,1613.71,770.84,132.4,312.32,41351.98,1547.51,614.68,0.3457
bar_stage,day1,bar_stage_day1_18-02-06.jpg,data/raw_frames/bar_stage/day1 (04-08)/bar_stage_day1_18-02-06.jpg,18:02:06,4,903.2,317.91,956.79,474.41,53.59,156.5,8386.33,930.0,396.16,0.3072
bar_stage,day1,bar_stage_day1_18-02-06.jpg,data/raw_frames/bar_stage/day1 (04-08)/bar_stage_day1_18-02-06.jpg,18:02:06,5,1287.44,385.52,1435.7,777.77,148.27,392.25,58158.0,1361.57,581.64,0.2875
bar_stage,day1,bar_stage_day1_18-02-09.jpg,data/raw_frames/bar_stage/day1 (04-08)/bar_stage_day1_18-02-09.jpg,18:02:09,1,1648.25,319.49,1776.54,620.05,128.28,300.56,38557.13,1712.39,469.77,0.5325
bar_stage,day1,bar_stage_day1_18-02-09.jpg,data/raw_frames/bar_stage/day1 (04-08)/bar_stage_day1_18-02-09.jpg,18:02:09,2,818.09,322.43,884.2,468.78,66.12,146.34,9675.98,851.15,395.6,0.4135
bar_stage,day1,bar_stage_day1_18-02-09.jpg,data/raw_frames/bar_stage/day1 (04-08)/bar_stage_day1_18-02-09.jpg,18:02:09,3,1479.11,459.29,1613.98,769.52,134.87,310.23,41840.05,1546.54,614.41,0.3761
bar_stage,day1,bar_stage_day1_18-02-09.jpg,data/raw_frames/bar_stage/day1 (04-08)/bar_stage_day1_18-02-09.jpg,18:02:09,4,901.94,324.51,956.46,469.8,54.52,145.29,7920.92,929.2,397.15,0.2971
bar_stage,day1,bar_stage_day1_18-02-12.jpg,data/raw_frames/bar_stage/day1 (04-08)/bar_stage_day1_18-02-12.jpg,18:02:12,1,1482.44,457.26,1613.24,776.45,130.8,319.19,41750.28,1547.84,616.85,0.4642
bar_stage,day1,bar_stage_day1_18-02-12.jpg,data/raw_frames/bar_stage/day1 (04-08)/bar_stage_day1_18-02-12.jpg,18:02:12,2,1649.62,313.43,1776.29,621.59,126.68,308.17,39037.87,1712.96,467.51,0.4488
bar_stage,day1,bar_stage_day1_18-02-12.jpg,data/raw_frames/bar_stage/day1 (04-08)/bar_stage_day1_18-02-12.jpg,18:02:12,3,996.76,304.77,1045.68,452.69,48.91,147.92,7235.39,1021.22,378.73,0.3186
bar_stage,day1,bar_stage_day1_18-02-15.jpg,data/raw_frames/bar_stage/day1 (04-08)/bar_stage_day1_18-02-15.jpg,18:02:15,1,1649.31,317.02,1775.57,618.98,126.26,301.96,38124.41,1712.44,468.0,0.3918
bar_stage,day1,bar_stage_day1_18-02-15.jpg,data/raw_frames/bar_stage/day1 (04-08)/bar_stage_day1_18-02-15.jpg,18:02:15,2,1484.83,455.02,1614.29,772.5,129.46,317.48,41101.16,1549.56,613.76,0.3809
bar_stage,day1,bar_stage_day1_18-02-15.jpg,data/raw_frames/bar_stage/day1 (04-08)/bar_stage_day1_18-02-15.jpg,18:02:15,3,844.13,313.78,889.15,472.49,45.02,158.71,7145.2,866.64,393.13,0.3546
bar_stage,day1,bar_stage_day1_18-02-15.jpg,data/raw_frames/bar_stage/day1 (04-08)/bar_stage_day1_18-02-15.jpg,18:02:15,4,1275.45,270.91,1432.31,461.09,156.86,190.18,29831.77,1353.88,366.0,0.2926
bar_stage,day1,bar_stage_day1_18-02-18.jpg,data/raw_frames/bar_stage/day1 (04-08)/bar_stage_day1_18-02-18.jpg,18:02:18,1,1481.03,455.12,1614.64,773.69,133.62,318.57,42567.34,1547.84,614.4,0.3612
bar_stage,day1,bar_stage_day1_18-02-18.jpg,data/raw_frames/bar_stage/day1 (04-08)/bar_stage_day1_18-02-18.jpg,18:02:18,2,1649.78,318.92,1775.73,621.1,125.95,302.18,38059.1,1712.76,470.01,0.36
bar_stage,day1,bar_stage_day1_18-02-21.jpg,data/raw_frames/bar_stage/day1 (04-08)/bar_stage_day1_18-02-21.jpg,18:02:21,1,1647.87,316.14,1776.93,621.44,129.06,305.29,39401.67,1712.4,468.79,0.4565
bar_stage,day1,bar_stage_day1_18-02-21.jpg,data/raw_frames/bar_stage/day1 (04-08)/bar_stage_day1_18-02-21.jpg,18:02:21,2,1476.1,457.68,1614.39,777.84,138.29,320.15,44274.59,1545.25,617.76,0.4091
bar_stage,day1,bar_stage_day1_18-02-21.jpg,data/raw_frames/bar_stage/day1 (04-08)/bar_stage_day1_18-02-21.jpg,18:02:21,3,1198.98,625.77,1297.31,778.65,98.33,152.88,15032.08,1248.14,702.21,0.281
bar_stage,day1,bar_stage_day1_18-02-24.jpg,data/raw_frames/bar_stage/day1 (04-08)/bar_stage_day1_18-02-24.jpg,18:02:24,1,1647.66,319.79,1775.64,620.44,127.98,300.64,38477.8,1711.65,470.12,0.4072
bar_stage,day1,bar_stage_day1_18-02-24.jpg,data/raw_frames/bar_stage/day1 (04-08)/bar_stage_day1_18-02-24.jpg,18:02:24,2,1482.16,451.48,1612.95,774.38,130.79,322.9,42230.54,1547.56,612.93,0.375
bar_stage,day1,bar_stage_day1_18-02-27.jpg,data/raw_frames/bar_stage/day1 (04-08)/bar_stage_day1_18-02-27.jpg,18:02:27,1,1480.9,456.86,1615.06,776.22,134.15,319.36,42843.51,1547.98,616.54,0.4818
bar_stage,day1,bar_stage_day1_18-02-27.jpg,data/raw_frames/bar_stage/day1 (04-08)/bar_stage_day1_18-02-27.jpg,18:02:27,2,1647.72,316.72,1776.23,621.21,128.52,304.49,39132.43,1711.97,468.97,0.3209
bar_stage,day1,bar_stage_day1_18-02-30.jpg,data/raw_frames/bar_stage/day1 (04-08)/bar_stage_day1_18-02-30.jpg,18:02:30,1,1648.39,318.12,1776.61,619.36,128.22,301.24,38625.06,1712.5,468.74,0.4667
bar_stage,day1,bar_stage_day1_18-02-30.jpg,data/raw_frames/bar_stage/day1 (04-08)/bar_stage_day1_18-02-30.jpg,18:02:30,2,1483.49,457.97,1615.34,778.79,131.85,320.81,42299.89,1549.42,618.38,0.3731
bar_stage,day1,bar_stage_day1_18-02-33.jpg,data/raw_frames/bar_stage/day1 (04-08)/bar_stage_day1_18-02-33.jpg,18:02:33,1,1647.94,317.33,1776.67,619.85,128.73,302.52,38943.18,1712.31,468.59,0.3639
bar_stage,day1,bar_stage_day1_18-02-33.jpg,data/raw_frames/bar_stage/day1 (04-08)/bar_stage_day1_18-02-33.jpg,18:02:33,2,1480.61,453.0,1615.44,771.6,134.83,318.59,42957.35,1548.02,612.3,0.2635
bar_stage,day1,bar_stage_day1_18-02-36.jpg,data/raw_frames/bar_stage/day1 (04-08)/bar_stage_day1_18-02-36.jpg,18:02:36,1,1647.34,317.6,1776.63,619.63,129.29,302.03,39049.96,1711.98,468.61,0.3419
bar_stage,day1,bar_stage_day1_18-02-36.jpg,data/raw_frames/bar_stage/day1 (04-08)/bar_stage_day1_18-02-36.jpg,18:02:36,2,1482.17,455.22,1616.09,771.22,133.92,316.01,42319.34,1549.13,613.22,0.302
bar_stage,day1,bar_stage_day1_18-02-39.jpg,data/raw_frames/bar_stage/day1 (04-08)/bar_stage_day1_18-02-39.jpg,18:02:39,1,1647.34,317.6,1776.63,619.63,129.29,302.03,39049.96,1711.98,468.61,0.3419
bar_stage,day1,bar_stage_day1_18-02-39.jpg,data/raw_frames/bar_stage/day1 (04-08)/bar_stage_day1_18-02-39.jpg,18:02:39,2,1482.17,455.22,1616.09,771.22,133.92,316.01,42319.34,1549.13,613.22,0.302
bar_stage,day1,bar_stage_day1_18-02-42.jpg,data/raw_frames/bar_stage/day1 (04-08)/bar_stage_day1_18-02-42.jpg,18:02:42,1,1115.64,654.77,1557.77,1074.5,442.13,419.73,185578.51,1336.71,864.64,0.8562
bar_stage,day1,bar_stage_day1_18-02-42.jpg,data/raw_frames/bar_stage/day1 (04-08)/bar_stage_day1_18-02-42.jpg,18:02:42,2,1220.42,290.54,1423.8,783.23,203.38,492.69,100202.27,1322.11,536.88,0.694
bar_stage,day1,bar_stage_day1_18-02-42.jpg,data/raw_frames/bar_stage/day1 (04-08)/bar_stage_day1_18-02-42.jpg,18:02:42,3,1649.27,315.77,1777.04,621.12,127.77,305.35,39016.02,1713.15,468.45,0.4723
bar_stage,day1,bar_stage_day1_18-02-42.jpg,data/raw_frames/bar_stage/day1 (04-08)/bar_stage_day1_18-02-42.jpg,18:02:42,4,1258.43,657.17,1558.55,1076.78,300.12,419.61,125934.96,1408.49,866.98,0.3655
bar_stage,day1,bar_stage_day1_18-02-45.jpg,data/raw_frames/bar_stage/day1 (04-08)/bar_stage_day1_18-02-45.jpg,18:02:45,1,1296.87,312.5,1524.19,969.97,227.32,657.48,149455.22,1410.53,641.24,0.8922
bar_stage,day1,bar_stage_day1_18-02-45.jpg,data/raw_frames/bar_stage/day1 (04-08)/bar_stage_day1_18-02-45.jpg,18:02:45,2,702.99,675.19,1176.28,1077.29,473.29,402.1,190310.34,939.63,876.24,0.885
bar_stage,day1,bar_stage_day1_18-02-45.jpg,data/raw_frames/bar_stage/day1 (04-08)/bar_stage_day1_18-02-45.jpg,18:02:45,3,1176.26,954.7,1491.67,1080.0,315.41,125.3,39521.15,1333.96,1017.35,0.2905
bar_stage,day1,bar_stage_day1_18-02-45.jpg,data/raw_frames/bar_stage/day1 (04-08)/bar_stage_day1_18-02-45.jpg,18:02:45,4,1647.56,321.46,1774.28,621.25,126.71,299.79,37988.26,1710.92,471.35,0.2863
bar_stage,day1,bar_stage_day1_18-02-45.jpg,data/raw_frames/bar_stage/day1 (04-08)/bar_stage_day1_18-02-45.jpg,18:02:45,5,417.24,340.43,534.84,749.02,117.6,408.58,48051.5,476.04,544.73,0.2813
bar_stage,day1,bar_stage_day1_18-02-48.jpg,data/raw_frames/bar_stage/day1 (04-08)/bar_stage_day1_18-02-48.jpg,18:02:48,1,1440.63,295.56,1680.88,984.88,240.26,689.31,165611.72,1560.76,640.22,0.8664
bar_stage,day1,bar_stage_day1_18-02-48.jpg,data/raw_frames/bar_stage/day1 (04-08)/bar_stage_day1_18-02-48.jpg,18:02:48,2,1203.6,547.98,1501.57,1047.27,297.97,499.3,148776.54,1352.58,797.62,0.6081
bar_stage,day1,bar_stage_day1_18-02-48.jpg,data/raw_frames/bar_stage/day1 (04-08)/bar_stage_day1_18-02-48.jpg,18:02:48,3,1650.67,314.09,1774.58,619.79,123.92,305.69,37880.85,1712.63,466.94,0.4686
bar_stage,day1,bar_stage_day1_18-02-48.jpg,data/raw_frames/bar_stage/day1 (04-08)/bar_stage_day1_18-02-48.jpg,18:02:48,4,1486.51,171.72,1614.63,391.18,128.13,219.46,28118.37,1550.57,281.45,0.2514
bar_stage,day1,bar_stage_day1_18-02-51.jpg,data/raw_frames/bar_stage/day1 (04-08)/bar_stage_day1_18-02-51.jpg,18:02:51,1,1515.0,305.96,1746.43,977.5,231.43,671.55,155414.73,1630.71,641.73,0.6554
bar_stage,day1,bar_stage_day1_18-02-51.jpg,data/raw_frames/bar_stage/day1 (04-08)/bar_stage_day1_18-02-51.jpg,18:02:51,2,1196.47,561.32,1500.8,909.88,304.32,348.56,106073.79,1348.63,735.6,0.5293
bar_stage,day1,bar_stage_day1_18-02-51.jpg,data/raw_frames/bar_stage/day1 (04-08)/bar_stage_day1_18-02-51.jpg,18:02:51,3,1197.17,560.12,1499.08,1056.02,301.91,495.9,149716.94,1348.12,808.07,0.4031
bar_stage,day1,bar_stage_day1_18-02-54.jpg,data/raw_frames/bar_stage/day1 (04-08)/bar_stage_day1_18-02-54.jpg,18:02:54,1,1320.04,571.12,1625.39,1027.22,305.35,456.1,139272.57,1472.71,799.17,0.8538
bar_stage,day1,bar_stage_day1_18-02-54.jpg,data/raw_frames/bar_stage/day1 (04-08)/bar_stage_day1_18-02-54.jpg,18:02:54,2,1486.89,273.15,1626.76,749.04,139.88,475.89,66567.1,1556.82,511.1,0.7937
bar_stage,day1,bar_stage_day1_18-02-54.jpg,data/raw_frames/bar_stage/day1 (04-08)/bar_stage_day1_18-02-54.jpg,18:02:54,3,1283.16,288.18,1470.01,844.0,186.85,555.81,103856.45,1376.58,566.09,0.7431
bar_stage,day1,bar_stage_day1_18-02-54.jpg,data/raw_frames/bar_stage/day1 (04-08)/bar_stage_day1_18-02-54.jpg,18:02:54,4,1649.66,315.88,1773.3,623.61,123.63,307.73,38045.65,1711.48,469.75,0.4643
bar_stage,day1,bar_stage_day1_18-02-57.jpg,data/raw_frames/bar_stage/day1 (04-08)/bar_stage_day1_18-02-57.jpg,18:02:57,1,1581.42,278.53,1775.83,961.77,194.41,683.24,132827.66,1678.63,620.15,0.8563
bar_stage,day1,bar_stage_day1_18-02-57.jpg,data/raw_frames/bar_stage/day1 (04-08)/bar_stage_day1_18-02-57.jpg,18:02:57,2,1308.81,579.58,1592.33,1060.16,283.52,480.58,136253.29,1450.57,819.87,0.8303
bar_stage,day1,bar_stage_day1_18-02-57.jpg,data/raw_frames/bar_stage/day1 (04-08)/bar_stage_day1_18-02-57.jpg,18:02:57,3,869.64,291.48,1105.94,951.55,236.3,660.08,155976.04,987.79,621.52,0.803
bar_stage,day1,bar_stage_day1_18-03-00.jpg,data/raw_frames/bar_stage/day1 (04-08)/bar_stage_day1_18-03-00.jpg,18:03:00,1,1336.22,575.8,1611.53,1073.16,275.31,497.36,136931.13,1473.87,824.48,0.8851
bar_stage,day1,bar_stage_day1_18-03-00.jpg,data/raw_frames/bar_stage/day1 (04-08)/bar_stage_day1_18-03-00.jpg,18:03:00,2,951.12,302.47,1199.29,1047.2,248.17,744.73,184820.35,1075.2,674.84,0.8788
bar_stage,day1,bar_stage_day1_18-03-03.jpg,data/raw_frames/bar_stage/day1 (04-08)/bar_stage_day1_18-03-03.jpg,18:03:03,1,1092.58,288.82,1383.86,1033.38,291.28,744.56,216879.02,1238.22,661.1,0.8628
bar_stage,day1,bar_stage_day1_18-03-03.jpg,data/raw_frames/bar_stage/day1 (04-08)/bar_stage_day1_18-03-03.jpg,18:03:03,2,1341.8,575.56,1626.83,1076.02,285.02,500.46,142642.2,1484.32,825.79,0.7827
bar_stage,day1,bar_stage_day1_18-03-03.jpg,data/raw_frames/bar_stage/day1 (04-08)/bar_stage_day1_18-03-03.jpg,18:03:03,3,1648.28,313.37,1776.35,621.48,128.07,308.11,39460.94,1712.31,467.43,0.3509
bar_stage,day1,bar_stage_day1_18-03-06.jpg,data/raw_frames/bar_stage/day1 (04-08)/bar_stage_day1_18-03-06.jpg,18:03:06,1,1312.49,289.52,1579.25,995.41,266.76,705.89,188300.46,1445.87,642.47,0.8499
bar_stage,day1,bar_stage_day1_18-03-06.jpg,data/raw_frames/bar_stage/day1 (04-08)/bar_stage_day1_18-03-06.jpg,18:03:06,2,849.1,620.21,1171.76,1075.13,322.66,454.92,146785.07,1010.43,847.67,0.8292
bar_stage,day1,bar_stage_day1_18-03-06.jpg,data/raw_frames/bar_stage/day1 (04-08)/bar_stage_day1_18-03-06.jpg,18:03:06,3,1648.33,314.53,1775.52,624.67,127.18,310.13,39444.13,1711.92,469.6,0.4416
bar_stage,day1,bar_stage_day1_18-03-06.jpg,data/raw_frames/bar_stage/day1 (04-08)/bar_stage_day1_18-03-06.jpg,18:03:06,4,1485.62,172.92,1619.24,611.47,133.62,438.55,58598.86,1552.43,392.19,0.2709
bar_stage,day1,bar_stage_day1_18-03-09.jpg,data/raw_frames/bar_stage/day1 (04-08)/bar_stage_day1_18-03-09.jpg,18:03:09,1,395.26,303.61,670.71,1057.66,275.45,754.05,207702.5,532.98,680.63,0.8241
bar_stage,day1,bar_stage_day1_18-03-09.jpg,data/raw_frames/bar_stage/day1 (04-08)/bar_stage_day1_18-03-09.jpg,18:03:09,2,905.7,338.62,961.11,476.11,55.42,137.49,7619.09,933.41,407.37,0.3931
bar_stage,day1,bar_stage_day1_18-03-09.jpg,data/raw_frames/bar_stage/day1 (04-08)/bar_stage_day1_18-03-09.jpg,18:03:09,3,846.82,347.79,888.41,473.17,41.59,125.38,5214.7,867.62,410.48,0.2887
bar_stage,day1,bar_stage_day1_18-03-09.jpg,data/raw_frames/bar_stage/day1 (04-08)/bar_stage_day1_18-03-09.jpg,18:03:09,4,261.65,320.15,418.22,841.16,156.57,521.01,81573.7,339.93,580.66,0.2753
bar_stage,day1,bar_stage_day1_18-03-09.jpg,data/raw_frames/bar_stage/day1 (04-08)/bar_stage_day1_18-03-09.jpg,18:03:09,5,941.17,468.66,1024.76,546.76,83.59,78.1,6528.67,982.96,507.71,0.2709
bar_stage,day1,bar_stage_day1_18-03-15.jpg,data/raw_frames/bar_stage/day1 (04-08)/bar_stage_day1_18-03-15.jpg,18:03:15,1,820.15,322.99,888.84,474.38,68.7,151.39,10399.89,854.5,398.69,0.3737
bar_stage,day1,bar_stage_day1_18-03-15.jpg,data/raw_frames/bar_stage/day1 (04-08)/bar_stage_day1_18-03-15.jpg,18:03:15,2,972.6,325.87,1032.69,479.27,60.09,153.4,9217.56,1002.64,402.57,0.3732
bar_stage,day1,bar_stage_day1_18-03-15.jpg,data/raw_frames/bar_stage/day1 (04-08)/bar_stage_day1_18-03-15.jpg,18:03:15,3,1648.72,317.12,1775.51,619.79,126.79,302.67,38374.2,1712.11,468.45,0.3369
bar_stage,day1,bar_stage_day1_18-03-15.jpg,data/raw_frames/bar_stage/day1 (04-08)/bar_stage_day1_18-03-15.jpg,18:03:15,4,891.7,356.9,953.9,470.05,62.2,113.15,7037.85,922.8,413.48,0.2734
bar_stage,day1,bar_stage_day1_18-03-15.jpg,data/raw_frames/bar_stage/day1 (04-08)/bar_stage_day1_18-03-15.jpg,18:03:15,5,838.69,327.72,890.39,472.0,51.7,144.28,7459.11,864.54,399.86,0.2665
bar_stage,day1,bar_stage_day1_18-03-18.jpg,data/raw_frames/bar_stage/day1 (04-08)/bar_stage_day1_18-03-18.jpg,18:03:18,1,1649.52,316.8,1775.2,621.16,125.68,304.36,38251.9,1712.36,468.98,0.2607
bar_stage,day1,bar_stage_day1_18-03-21.jpg,data/raw_frames/bar_stage/day1 (04-08)/bar_stage_day1_18-03-21.jpg,18:03:21,1,1649.52,316.8,1775.2,621.16,125.68,304.36,38251.9,1712.36,468.98,0.2607
bar_stage,day1,bar_stage_day1_18-03-24.jpg,data/raw_frames/bar_stage/day1 (04-08)/bar_stage_day1_18-03-24.jpg,18:03:24,1,906.83,322.86,957.93,473.75,51.1,150.89,7709.87,932.38,398.3,0.6784
bar_stage,day1,bar_stage_day1_18-03-24.jpg,data/raw_frames/bar_stage/day1 (04-08)/bar_stage_day1_18-03-24.jpg,18:03:24,2,838.89,313.36,891.77,470.18,52.88,156.82,8293.49,865.33,391.77,0.5574
bar_stage,day1,bar_stage_day1_18-03-24.jpg,data/raw_frames/bar_stage/day1 (04-08)/bar_stage_day1_18-03-24.jpg,18:03:24,3,1647.2,315.47,1776.71,618.78,129.51,303.3,39281.03,1711.95,467.12,0.3279
bar_stage,day1,bar_stage_day1_18-03-24.jpg,data/raw_frames/bar_stage/day1 (04-08)/bar_stage_day1_18-03-24.jpg,18:03:24,4,1278.14,222.61,1431.18,459.26,153.04,236.65,36215.96,1354.66,340.94,0.2518
bar_stage,day1,bar_stage_day1_18-03-27.jpg,data/raw_frames/bar_stage/day1 (04-08)/bar_stage_day1_18-03-27.jpg,18:03:27,1,1648.35,317.6,1775.5,620.52,127.15,302.92,38515.96,1711.92,469.06,0.2972
bar_stage,day1,bar_stage_day1_18-03-30.jpg,data/raw_frames/bar_stage/day1 (04-08)/bar_stage_day1_18-03-30.jpg,18:03:30,1,909.16,317.93,962.13,474.76,52.97,156.83,8307.52,935.64,396.34,0.3546
bar_stage,day1,bar_stage_day1_18-03-33.jpg,data/raw_frames/bar_stage/day1 (04-08)/bar_stage_day1_18-03-33.jpg,18:03:33,1,909.16,317.93,962.13,474.76,52.97,156.83,8307.52,935.64,396.34,0.3546
bar_stage,day1,bar_stage_day1_18-03-36.jpg,data/raw_frames/bar_stage/day1 (04-08)/bar_stage_day1_18-03-36.jpg,18:03:36,1,906.56,323.17,955.86,473.2,49.3,150.03,7396.01,931.21,398.19,0.5313
bar_stage,day1,bar_stage_day1_18-03-36.jpg,data/raw_frames/bar_stage/day1 (04-08)/bar_stage_day1_18-03-36.jpg,18:03:36,2,832.02,317.08,891.44,472.6,59.42,155.52,9240.47,861.73,394.84,0.4987
bar_stage,day1,bar_stage_day1_18-03-36.jpg,data/raw_frames/bar_stage/day1 (04-08)/bar_stage_day1_18-03-36.jpg,18:03:36,3,1005.16,323.16,1050.32,452.86,45.16,129.7,5856.97,1027.74,388.01,0.414
bar_stage,day1,bar_stage_day1_18-03-36.jpg,data/raw_frames/bar_stage/day1 (04-08)/bar_stage_day1_18-03-36.jpg,18:03:36,4,1648.64,317.36,1776.0,619.96,127.37,302.59,38539.97,1712.32,468.66,0.3364
bar_stage,day1,bar_stage_day1_18-03-39.jpg,data/raw_frames/bar_stage/day1 (04-08)/bar_stage_day1_18-03-39.jpg,18:03:39,1,945.89,306.39,1000.43,465.79,54.54,159.4,8693.3,973.16,386.09,0.4742
bar_stage,day1,bar_stage_day1_18-03-42.jpg,data/raw_frames/bar_stage/day1 (04-08)/bar_stage_day1_18-03-42.jpg,18:03:42,1,1647.67,314.45,1776.99,621.59,129.33,307.14,39721.06,1712.33,468.02,0.5021
bar_stage,day1,bar_stage_day1_18-03-42.jpg,data/raw_frames/bar_stage/day1 (04-08)/bar_stage_day1_18-03-42.jpg,18:03:42,2,1483.61,457.01,1612.21,774.87,128.6,317.86,40876.07,1547.91,615.94,0.3821
bar_stage,day1,bar_stage_day1_18-03-45.jpg,data/raw_frames/bar_stage/day1 (04-08)/bar_stage_day1_18-03-45.jpg,18:03:45,1,1649.21,316.91,1775.55,621.01,126.34,304.1,38421.49,1712.38,468.96,0.5677
bar_stage,day1,bar_stage_day1_18-03-45.jpg,data/raw_frames/bar_stage/day1 (04-08)/bar_stage_day1_18-03-45.jpg,18:03:45,2,1480.68,453.53,1613.5,769.56,132.82,316.04,41976.94,1547.09,611.54,0.3097
bar_stage,day1,bar_stage_day1_18-03-48.jpg,data/raw_frames/bar_stage/day1 (04-08)/bar_stage_day1_18-03-48.jpg,18:03:48,1,1637.09,316.98,1774.87,621.08,137.78,304.1,41898.77,1705.98,469.03,0.5298
bar_stage,day1,bar_stage_day1_18-03-48.jpg,data/raw_frames/bar_stage/day1 (04-08)/bar_stage_day1_18-03-48.jpg,18:03:48,2,992.74,305.98,1045.64,452.5,52.91,146.52,7752.13,1019.19,379.24,0.4238
bar_stage,day1,bar_stage_day1_18-03-48.jpg,data/raw_frames/bar_stage/day1 (04-08)/bar_stage_day1_18-03-48.jpg,18:03:48,3,1478.98,456.66,1612.95,777.46,133.96,320.81,42976.69,1545.96,617.06,0.3116
bar_stage,day1,bar_stage_day1_18-03-51.jpg,data/raw_frames/bar_stage/day1 (04-08)/bar_stage_day1_18-03-51.jpg,18:03:51,1,1651.04,321.08,1774.29,621.82,123.25,300.74,37065.89,1712.67,471.45,0.5537
bar_stage,day1,bar_stage_day1_18-03-51.jpg,data/raw_frames/bar_stage/day1 (04-08)/bar_stage_day1_18-03-51.jpg,18:03:51,2,1480.33,456.32,1612.78,775.58,132.45,319.26,42285.36,1546.56,615.95,0.4672
bar_stage,day1,bar_stage_day1_18-03-51.jpg,data/raw_frames/bar_stage/day1 (04-08)/bar_stage_day1_18-03-51.jpg,18:03:51,3,904.72,330.42,960.84,479.32,56.12,148.9,8356.23,932.78,404.87,0.3907
bar_stage,day1,bar_stage_day1_18-03-54.jpg,data/raw_frames/bar_stage/day1 (04-08)/bar_stage_day1_18-03-54.jpg,18:03:54,1,1651.93,319.84,1775.93,622.91,124.0,303.07,37579.06,1713.93,471.37,0.5401
bar_stage,day1,bar_stage_day1_18-03-54.jpg,data/raw_frames/bar_stage/day1 (04-08)/bar_stage_day1_18-03-54.jpg,18:03:54,2,731.98,328.87,891.98,484.29,160.0,155.42,24866.12,811.98,406.58,0.5061
bar_stage,day1,bar_stage_day1_18-03-54.jpg,data/raw_frames/bar_stage/day1 (04-08)/bar_stage_day1_18-03-54.jpg,18:03:54,3,1477.18,458.18,1612.51,773.19,135.32,315.01,42628.48,1544.84,615.69,0.3936
bar_stage,day1,bar_stage_day1_18-03-57.jpg,data/raw_frames/bar_stage/day1 (04-08)/bar_stage_day1_18-03-57.jpg,18:03:57,1,414.02,324.06,551.56,802.34,137.54,478.27,65780.18,482.79,563.2,0.4908
bar_stage,day1,bar_stage_day1_18-03-57.jpg,data/raw_frames/bar_stage/day1 (04-08)/bar_stage_day1_18-03-57.jpg,18:03:57,2,1646.11,317.99,1775.02,620.01,128.91,302.02,38933.53,1710.56,469.0,0.4118
bar_stage,day1,bar_stage_day1_18-03-57.jpg,data/raw_frames/bar_stage/day1 (04-08)/bar_stage_day1_18-03-57.jpg,18:03:57,3,1482.07,455.78,1615.67,775.05,133.6,319.27,42653.55,1548.87,615.42,0.3612
bar_stage,day1,bar_stage_day1_18-04-00.jpg,data/raw_frames/bar_stage/day1 (04-08)/bar_stage_day1_18-04-00.jpg,18:04:00,1,315.1,955.93,591.61,1079.65,276.51,123.72,34209.73,453.35,1017.79,0.5507
bar_stage,day1,bar_stage_day1_18-04-00.jpg,data/raw_frames/bar_stage/day1 (04-08)/bar_stage_day1_18-04-00.jpg,18:04:00,2,1635.36,314.19,1775.51,620.1,140.16,305.92,42876.98,1705.43,467.14,0.3754
bar_stage,day1,bar_stage_day1_18-04-00.jpg,data/raw_frames/bar_stage/day1 (04-08)/bar_stage_day1_18-04-00.jpg,18:04:00,3,587.65,315.81,766.46,787.33,178.81,471.52,84313.86,677.05,551.57,0.3604
bar_stage,day1,bar_stage_day1_18-04-00.jpg,data/raw_frames/bar_stage/day1 (04-08)/bar_stage_day1_18-04-00.jpg,18:04:00,4,717.1,405.18,780.92,484.82,63.82,79.64,5083.08,749.01,445.0,0.3047
bar_stage,day1,bar_stage_day1_18-04-00.jpg,data/raw_frames/bar_stage/day1 (04-08)/bar_stage_day1_18-04-00.jpg,18:04:00,5,1479.82,458.98,1612.96,778.84,133.14,319.86,42584.29,1546.39,618.91,0.2706
bar_stage,day1,bar_stage_day1_18-04-00.jpg,data/raw_frames/bar_stage/day1 (04-08)/bar_stage_day1_18-04-00.jpg,18:04:00,6,1482.22,173.1,1621.06,582.41,138.84,409.31,56829.77,1551.64,377.75,0.2562
bar_stage,day1,bar_stage_day1_18-04-03.jpg,data/raw_frames/bar_stage/day1 (04-08)/bar_stage_day1_18-04-03.jpg,18:04:03,1,1806.85,274.25,1919.48,832.41,112.64,558.16,62868.49,1863.16,553.33,0.695
bar_stage,day1,bar_stage_day1_18-04-03.jpg,data/raw_frames/bar_stage/day1 (04-08)/bar_stage_day1_18-04-03.jpg,18:04:03,2,1648.38,320.19,1774.47,621.71,126.1,301.52,38021.56,1711.43,470.95,0.5628
bar_stage,day1,bar_stage_day1_18-04-03.jpg,data/raw_frames/bar_stage/day1 (04-08)/bar_stage_day1_18-04-03.jpg,18:04:03,3,599.59,335.98,763.26,797.75,163.68,461.77,75581.24,681.43,566.87,0.4813
bar_stage,day1,bar_stage_day1_18-04-03.jpg,data/raw_frames/bar_stage/day1 (04-08)/bar_stage_day1_18-04-03.jpg,18:04:03,4,1481.46,457.51,1613.9,774.83,132.44,317.33,42028.03,1547.68,616.17,0.4052
bar_stage,day1,bar_stage_day1_18-04-06.jpg,data/raw_frames/bar_stage/day1 (04-08)/bar_stage_day1_18-04-06.jpg,18:04:06,1,1644.31,319.52,1774.11,620.22,129.8,300.7,39030.32,1709.21,469.87,0.3814
bar_stage,day1,bar_stage_day1_18-04-06.jpg,data/raw_frames/bar_stage/day1 (04-08)/bar_stage_day1_18-04-06.jpg,18:04:06,2,588.15,306.35,738.65,792.63,150.5,486.27,73181.98,663.4,549.49,0.3655
bar_stage,day1,bar_stage_day1_18-04-06.jpg,data/raw_frames/bar_stage/day1 (04-08)/bar_stage_day1_18-04-06.jpg,18:04:06,3,1481.76,450.51,1611.28,772.49,129.52,321.99,41704.09,1546.52,611.5,0.3583
bar_stage,day1,bar_stage_day1_18-04-06.jpg,data/raw_frames/bar_stage/day1 (04-08)/bar_stage_day1_18-04-06.jpg,18:04:06,4,433.1,198.87,596.2,794.48,163.1,595.61,97142.61,514.65,496.68,0.3158
bar_stage,day1,bar_stage_day1_18-04-09.jpg,data/raw_frames/bar_stage/day1 (04-08)/bar_stage_day1_18-04-09.jpg,18:04:09,1,587.11,326.91,733.33,795.62,146.22,468.71,68534.12,660.22,561.27,0.5291
bar_stage,day1,bar_stage_day1_18-04-09.jpg,data/raw_frames/bar_stage/day1 (04-08)/bar_stage_day1_18-04-09.jpg,18:04:09,2,981.55,349.96,1034.62,452.25,53.07,102.29,5428.24,1008.08,401.1,0.4172
bar_stage,day1,bar_stage_day1_18-04-09.jpg,data/raw_frames/bar_stage/day1 (04-08)/bar_stage_day1_18-04-09.jpg,18:04:09,3,434.48,207.34,628.31,786.56,193.83,579.22,112267.51,531.4,496.95,0.3487
bar_stage,day1,bar_stage_day1_18-04-09.jpg,data/raw_frames/bar_stage/day1 (04-08)/bar_stage_day1_18-04-09.jpg,18:04:09,4,1646.1,320.27,1773.79,619.9,127.7,299.62,38261.06,1709.95,470.09,0.3422
bar_stage,day1,bar_stage_day1_18-04-12.jpg,data/raw_frames/bar_stage/day1 (04-08)/bar_stage_day1_18-04-12.jpg,18:04:12,1,1807.41,276.81,1919.55,823.67,112.15,546.86,61329.33,1863.48,550.24,0.6522
bar_stage,day1,bar_stage_day1_18-04-12.jpg,data/raw_frames/bar_stage/day1 (04-08)/bar_stage_day1_18-04-12.jpg,18:04:12,2,615.25,330.71,776.5,799.05,161.25,468.34,75517.65,695.87,564.88,0.4572
bar_stage,day1,bar_stage_day1_18-04-12.jpg,data/raw_frames/bar_stage/day1 (04-08)/bar_stage_day1_18-04-12.jpg,18:04:12,3,1648.24,318.46,1776.76,622.24,128.52,303.78,39041.11,1712.5,470.35,0.4304
bar_stage,day1,bar_stage_day1_18-04-12.jpg,data/raw_frames/bar_stage/day1 (04-08)/bar_stage_day1_18-04-12.jpg,18:04:12,4,609.82,330.85,942.73,805.1,332.91,474.25,157881.42,776.27,567.98,0.367
bar_stage,day1,bar_stage_day1_18-04-12.jpg,data/raw_frames/bar_stage/day1 (04-08)/bar_stage_day1_18-04-12.jpg,18:04:12,5,668.86,333.63,778.04,501.12,109.18,167.49,18286.08,723.45,417.38,0.2693
bar_stage,day1,bar_stage_day1_18-04-15.jpg,data/raw_frames/bar_stage/day1 (04-08)/bar_stage_day1_18-04-15.jpg,18:04:15,1,1802.07,276.2,1918.95,826.81,116.88,550.61,64354.84,1860.51,551.5,0.704
bar_stage,day1,bar_stage_day1_18-04-15.jpg,data/raw_frames/bar_stage/day1 (04-08)/bar_stage_day1_18-04-15.jpg,18:04:15,2,596.08,325.27,918.72,807.32,322.64,482.05,155528.2,757.4,566.29,0.5259
bar_stage,day1,bar_stage_day1_18-04-15.jpg,data/raw_frames/bar_stage/day1 (04-08)/bar_stage_day1_18-04-15.jpg,18:04:15,3,1648.8,319.65,1775.37,622.69,126.57,303.05,38356.26,1712.09,471.17,0.4843
bar_stage,day1,bar_stage_day1_18-04-15.jpg,data/raw_frames/bar_stage/day1 (04-08)/bar_stage_day1_18-04-15.jpg,18:04:15,4,601.35,325.62,774.27,794.58,172.92,468.96,81091.03,687.81,560.1,0.3559
bar_stage,day1,bar_stage_day1_18-04-15.jpg,data/raw_frames/bar_stage/day1 (04-08)/bar_stage_day1_18-04-15.jpg,18:04:15,5,416.06,327.84,544.68,775.26,128.63,447.42,57551.15,480.37,551.55,0.3469
bar_stage,day1,bar_stage_day1_18-04-18.jpg,data/raw_frames/bar_stage/day1 (04-08)/bar_stage_day1_18-04-18.jpg,18:04:18,1,1832.66,223.52,1919.54,832.37,86.88,608.85,52896.01,1876.1,527.95,0.519
bar_stage,day1,bar_stage_day1_18-04-18.jpg,data/raw_frames/bar_stage/day1 (04-08)/bar_stage_day1_18-04-18.jpg,18:04:18,2,1648.77,320.81,1774.79,620.52,126.03,299.71,37771.08,1711.78,470.66,0.4586
bar_stage,day1,bar_stage_day1_18-04-18.jpg,data/raw_frames/bar_stage/day1 (04-08)/bar_stage_day1_18-04-18.jpg,18:04:18,3,963.21,348.09,1014.83,479.98,51.62,131.88,6808.24,989.02,414.03,0.4101
bar_stage,day1,bar_stage_day1_18-04-18.jpg,data/raw_frames/bar_stage/day1 (04-08)/bar_stage_day1_18-04-18.jpg,18:04:18,4,612.21,333.29,794.94,806.45,182.73,473.16,86459.77,703.58,569.87,0.3702
bar_stage,day1,bar_stage_day1_18-04-18.jpg,data/raw_frames/bar_stage/day1 (04-08)/bar_stage_day1_18-04-18.jpg,18:04:18,5,850.87,323.64,948.68,475.15,97.82,151.51,14820.37,899.77,399.4,0.3491
bar_stage,day1,bar_stage_day1_18-04-18.jpg,data/raw_frames/bar_stage/day1 (04-08)/bar_stage_day1_18-04-18.jpg,18:04:18,6,1000.39,348.52,1045.63,455.02,45.23,106.5,4817.18,1023.01,401.77,0.3412
bar_stage,day1,bar_stage_day1_18-04-18.jpg,data/raw_frames/bar_stage/day1 (04-08)/bar_stage_day1_18-04-18.jpg,18:04:18,7,1480.13,456.17,1615.89,778.85,135.76,322.69,43807.66,1548.01,617.51,0.3404
bar_stage,day1,bar_stage_day1_18-04-18.jpg,data/raw_frames/bar_stage/day1 (04-08)/bar_stage_day1_18-04-18.jpg,18:04:18,8,710.99,348.89,796.6,487.91,85.61,139.02,11901.98,753.8,418.4,0.3223
bar_stage,day1,bar_stage_day1_18-04-18.jpg,data/raw_frames/bar_stage/day1 (04-08)/bar_stage_day1_18-04-18.jpg,18:04:18,9,1274.49,267.67,1434.94,462.34,160.44,194.66,31232.51,1354.71,365.01,0.2611
bar_stage,day1,bar_stage_day1_18-04-18.jpg,data/raw_frames/bar_stage/day1 (04-08)/bar_stage_day1_18-04-18.jpg,18:04:18,10,434.68,191.37,625.12,786.94,190.45,595.57,113425.59,529.9,489.16,0.2577
bar_stage,day1,bar_stage_day1_18-04-18.jpg,data/raw_frames/bar_stage/day1 (04-08)/bar_stage_day1_18-04-18.jpg,18:04:18,11,962.13,344.98,1034.21,475.71,72.08,130.73,9423.54,998.17,410.35,0.2576
bar_stage,day1,bar_stage_day1_18-04-21.jpg,data/raw_frames/bar_stage/day1 (04-08)/bar_stage_day1_18-04-21.jpg,18:04:21,1,599.89,342.18,775.88,802.88,175.99,460.7,81079.4,687.89,572.53,0.6087
bar_stage,day1,bar_stage_day1_18-04-21.jpg,data/raw_frames/bar_stage/day1 (04-08)/bar_stage_day1_18-04-21.jpg,18:04:21,2,1648.78,320.5,1775.54,621.04,126.76,300.54,38095.24,1712.16,470.77,0.4282
bar_stage,day1,bar_stage_day1_18-04-21.jpg,data/raw_frames/bar_stage/day1 (04-08)/bar_stage_day1_18-04-21.jpg,18:04:21,3,1485.78,452.33,1616.52,775.8,130.74,323.47,42289.28,1551.15,614.06,0.4222
bar_stage,day1,bar_stage_day1_18-04-21.jpg,data/raw_frames/bar_stage/day1 (04-08)/bar_stage_day1_18-04-21.jpg,18:04:21,4,1819.87,277.64,1919.52,834.94,99.64,557.3,55531.84,1869.7,556.29,0.4069
bar_stage,day1,bar_stage_day1_18-04-21.jpg,data/raw_frames/bar_stage/day1 (04-08)/bar_stage_day1_18-04-21.jpg,18:04:21,5,415.57,342.36,556.57,802.39,141.0,460.03,64864.29,486.07,572.38,0.3921
bar_stage,day1,bar_stage_day1_18-04-24.jpg,data/raw_frames/bar_stage/day1 (04-08)/bar_stage_day1_18-04-24.jpg,18:04:24,1,591.4,338.15,733.32,806.75,141.91,468.6,66500.45,662.36,572.45,0.6753
bar_stage,day1,bar_stage_day1_18-04-24.jpg,data/raw_frames/bar_stage/day1 (04-08)/bar_stage_day1_18-04-24.jpg,18:04:24,2,1823.17,268.02,1918.91,821.1,95.74,553.08,52949.95,1871.04,544.56,0.6396
bar_stage,day1,bar_stage_day1_18-04-24.jpg,data/raw_frames/bar_stage/day1 (04-08)/bar_stage_day1_18-04-24.jpg,18:04:24,3,917.26,310.99,972.8,464.86,55.54,153.87,8546.59,945.03,387.92,0.4063
bar_stage,day1,bar_stage_day1_18-04-24.jpg,data/raw_frames/bar_stage/day1 (04-08)/bar_stage_day1_18-04-24.jpg,18:04:24,4,1649.94,316.58,1776.42,621.23,126.48,304.65,38533.47,1713.18,468.9,0.3725
bar_stage,day1,bar_stage_day1_18-04-24.jpg,data/raw_frames/bar_stage/day1 (04-08)/bar_stage_day1_18-04-24.jpg,18:04:24,5,617.02,335.44,732.05,677.98,115.03,342.54,39402.84,674.54,506.71,0.3709
bar_stage,day1,bar_stage_day1_18-04-24.jpg,data/raw_frames/bar_stage/day1 (04-08)/bar_stage_day1_18-04-24.jpg,18:04:24,6,1477.89,454.56,1615.26,771.5,137.36,316.94,43534.82,1546.58,613.03,0.2962
bar_stage,day1,bar_stage_day1_18-04-27.jpg,data/raw_frames/bar_stage/day1 (04-08)/bar_stage_day1_18-04-27.jpg,18:04:27,1,1827.65,272.93,1919.47,822.14,91.82,549.21,50429.58,1873.56,547.53,0.689
bar_stage,day1,bar_stage_day1_18-04-27.jpg,data/raw_frames/bar_stage/day1 (04-08)/bar_stage_day1_18-04-27.jpg,18:04:27,2,597.69,337.14,733.88,805.07,136.19,467.93,63726.57,665.78,571.11,0.5884
bar_stage,day1,bar_stage_day1_18-04-27.jpg,data/raw_frames/bar_stage/day1 (04-08)/bar_stage_day1_18-04-27.jpg,18:04:27,3,1648.81,319.18,1774.56,622.98,125.75,303.8,38204.45,1711.68,471.08,0.4902
bar_stage,day1,bar_stage_day1_18-04-27.jpg,data/raw_frames/bar_stage/day1 (04-08)/bar_stage_day1_18-04-27.jpg,18:04:27,4,614.11,332.57,735.63,670.16,121.52,337.59,41024.71,674.87,501.37,0.3198
bar_stage,day1,bar_stage_day1_18-04-27.jpg,data/raw_frames/bar_stage/day1 (04-08)/bar_stage_day1_18-04-27.jpg,18:04:27,5,1482.09,456.46,1614.92,764.0,132.83,307.54,40850.56,1548.5,610.23,0.3166
bar_stage,day1,bar_stage_day1_18-04-30.jpg,data/raw_frames/bar_stage/day1 (04-08)/bar_stage_day1_18-04-30.jpg,18:04:30,1,1802.31,290.89,1919.56,1035.51,117.25,744.62,87309.24,1860.94,663.2,0.7991
bar_stage,day1,bar_stage_day1_18-04-30.jpg,data/raw_frames/bar_stage/day1 (04-08)/bar_stage_day1_18-04-30.jpg,18:04:30,2,1647.47,318.13,1775.51,622.35,128.04,304.22,38953.44,1711.49,470.24,0.5899
bar_stage,day1,bar_stage_day1_18-04-30.jpg,data/raw_frames/bar_stage/day1 (04-08)/bar_stage_day1_18-04-30.jpg,18:04:30,3,1482.48,451.94,1615.31,774.21,132.83,322.27,42807.05,1548.89,613.07,0.2535
bar_stage,day1,bar_stage_day1_18-04-33.jpg,data/raw_frames/bar_stage/day1 (04-08)/bar_stage_day1_18-04-33.jpg,18:04:33,1,1805.19,345.91,1919.47,1026.89,114.29,680.98,77826.39,1862.33,686.4,0.7409
bar_stage,day1,bar_stage_day1_18-04-33.jpg,data/raw_frames/bar_stage/day1 (04-08)/bar_stage_day1_18-04-33.jpg,18:04:33,2,1646.48,318.28,1773.19,622.46,126.71,304.17,38541.4,1709.84,470.37,0.4823
bar_stage,day1,bar_stage_day1_18-04-33.jpg,data/raw_frames/bar_stage/day1 (04-08)/bar_stage_day1_18-04-33.jpg,18:04:33,3,1477.43,456.45,1613.53,773.48,136.09,317.04,43146.42,1545.48,614.96,0.4106
bar_stage,day1,bar_stage_day1_18-04-36.jpg,data/raw_frames/bar_stage/day1 (04-08)/bar_stage_day1_18-04-36.jpg,18:04:36,1,462.42,335.24,634.28,852.84,171.86,517.6,88954.85,548.35,594.04,0.8621
bar_stage,day1,bar_stage_day1_18-04-36.jpg,data/raw_frames/bar_stage/day1 (04-08)/bar_stage_day1_18-04-36.jpg,18:04:36,2,1840.05,228.81,1919.53,816.73,79.48,587.93,46726.54,1879.79,522.77,0.5718
bar_stage,day1,bar_stage_day1_18-04-36.jpg,data/raw_frames/bar_stage/day1 (04-08)/bar_stage_day1_18-04-36.jpg,18:04:36,3,1479.22,456.17,1615.09,773.57,135.88,317.39,43126.03,1547.16,614.87,0.3062
bar_stage,day1,bar_stage_day1_18-04-36.jpg,data/raw_frames/bar_stage/day1 (04-08)/bar_stage_day1_18-04-36.jpg,18:04:36,4,1646.12,316.24,1773.77,619.59,127.65,303.35,38723.91,1709.94,467.91,0.2932
bar_stage,day1,bar_stage_day1_18-04-36.jpg,data/raw_frames/bar_stage/day1 (04-08)/bar_stage_day1_18-04-36.jpg,18:04:36,5,904.37,328.63,975.85,477.42,71.48,148.79,10635.33,940.11,403.03,0.2719
bar_stage,day1,bar_stage_day1_18-04-36.jpg,data/raw_frames/bar_stage/day1 (04-08)/bar_stage_day1_18-04-36.jpg,18:04:36,6,1474.23,176.72,1623.79,764.79,149.56,588.07,87954.14,1549.01,470.76,0.2667
bar_stage,day1,bar_stage_day1_18-04-36.jpg,data/raw_frames/bar_stage/day1 (04-08)/bar_stage_day1_18-04-36.jpg,18:04:36,7,904.79,329.6,955.57,468.34,50.77,138.74,7044.14,930.18,398.97,0.257
bar_stage,day1,bar_stage_day1_18-04-39.jpg,data/raw_frames/bar_stage/day1 (04-08)/bar_stage_day1_18-04-39.jpg,18:04:39,1,832.3,347.37,1157.05,997.3,324.75,649.94,211064.62,994.68,672.34,0.886
bar_stage,day1,bar_stage_day1_18-04-39.jpg,data/raw_frames/bar_stage/day1 (04-08)/bar_stage_day1_18-04-39.jpg,18:04:39,2,1482.8,454.82,1616.84,772.68,134.05,317.85,42607.71,1549.82,613.75,0.4862
bar_stage,day1,bar_stage_day1_18-04-39.jpg,data/raw_frames/bar_stage/day1 (04-08)/bar_stage_day1_18-04-39.jpg,18:04:39,3,1647.43,315.88,1774.16,619.39,126.73,303.5,38463.41,1710.79,467.64,0.4093
bar_stage,day1,bar_stage_day1_18-04-42.jpg,data/raw_frames/bar_stage/day1 (04-08)/bar_stage_day1_18-04-42.jpg,18:04:42,1,1667.47,326.27,1870.86,994.96,203.38,668.68,135999.4,1769.16,660.61,0.6828
bar_stage,day1,bar_stage_day1_18-04-42.jpg,data/raw_frames/bar_stage/day1 (04-08)/bar_stage_day1_18-04-42.jpg,18:04:42,2,912.98,320.24,969.18,477.5,56.2,157.26,8837.87,941.08,398.87,0.6336
bar_stage,day1,bar_stage_day1_18-04-42.jpg,data/raw_frames/bar_stage/day1 (04-08)/bar_stage_day1_18-04-42.jpg,18:04:42,3,1850.24,290.47,1919.44,818.65,69.2,528.18,36551.57,1884.84,554.56,0.4245
bar_stage,day1,bar_stage_day1_18-04-42.jpg,data/raw_frames/bar_stage/day1 (04-08)/bar_stage_day1_18-04-42.jpg,18:04:42,4,1487.65,453.51,1612.79,776.0,125.13,322.49,40353.39,1550.22,614.75,0.2901
bar_stage,day1,bar_stage_day1_18-04-45.jpg,data/raw_frames/bar_stage/day1 (04-08)/bar_stage_day1_18-04-45.jpg,18:04:45,1,1436.21,362.86,1664.42,988.3,228.21,625.44,142732.81,1550.31,675.58,0.8866
bar_stage,day1,bar_stage_day1_18-04-45.jpg,data/raw_frames/bar_stage/day1 (04-08)/bar_stage_day1_18-04-45.jpg,18:04:45,2,1652.4,320.46,1771.53,623.62,119.13,303.16,36116.5,1711.97,472.04,0.5434
bar_stage,day1,bar_stage_day1_18-04-45.jpg,data/raw_frames/bar_stage/day1 (04-08)/bar_stage_day1_18-04-45.jpg,18:04:45,3,1481.11,173.18,1619.08,465.47,137.97,292.29,40326.43,1550.1,319.33,0.3323
bar_stage,day1,bar_stage_day1_18-04-48.jpg,data/raw_frames/bar_stage/day1 (04-08)/bar_stage_day1_18-04-48.jpg,18:04:48,1,1275.11,356.88,1528.69,1000.69,253.57,643.81,163251.62,1401.9,678.78,0.7331
bar_stage,day1,bar_stage_day1_18-04-48.jpg,data/raw_frames/bar_stage/day1 (04-08)/bar_stage_day1_18-04-48.jpg,18:04:48,2,1647.99,315.38,1775.54,622.88,127.55,307.5,39221.08,1711.76,469.13,0.5209
bar_stage,day1,bar_stage_day1_18-04-48.jpg,data/raw_frames/bar_stage/day1 (04-08)/bar_stage_day1_18-04-48.jpg,18:04:48,3,1492.99,457.06,1612.26,776.36,119.27,319.3,38082.54,1552.63,616.71,0.4798
bar_stage,day1,bar_stage_day1_18-04-51.jpg,data/raw_frames/bar_stage/day1 (04-08)/bar_stage_day1_18-04-51.jpg,18:04:51,1,1521.65,328.84,1741.48,847.68,219.83,518.85,114059.16,1631.56,588.26,0.6855
bar_stage,day1,bar_stage_day1_18-04-51.jpg,data/raw_frames/bar_stage/day1 (04-08)/bar_stage_day1_18-04-51.jpg,18:04:51,2,921.49,327.57,974.08,468.15,52.59,140.59,7393.07,947.78,397.86,0.4612
bar_stage,day1,bar_stage_day1_18-04-51.jpg,data/raw_frames/bar_stage/day1 (04-08)/bar_stage_day1_18-04-51.jpg,18:04:51,3,993.06,308.06,1040.88,451.54,47.83,143.48,6862.32,1016.97,379.8,0.3389
bar_stage,day1,bar_stage_day1_18-04-54.jpg,data/raw_frames/bar_stage/day1 (04-08)/bar_stage_day1_18-04-54.jpg,18:04:54,1,675.97,336.35,962.05,937.21,286.08,600.85,171891.61,819.01,636.78,0.8332
bar_stage,day1,bar_stage_day1_18-04-54.jpg,data/raw_frames/bar_stage/day1 (04-08)/bar_stage_day1_18-04-54.jpg,18:04:54,2,1482.28,459.09,1612.09,779.28,129.8,320.19,41561.54,1547.19,619.19,0.4823
bar_stage,day1,bar_stage_day1_18-04-57.jpg,data/raw_frames/bar_stage/day1 (04-08)/bar_stage_day1_18-04-57.jpg,18:04:57,1,842.0,299.1,1029.41,488.77,187.41,189.67,35546.02,935.7,393.94,0.5258
bar_stage,day1,bar_stage_day1_18-04-57.jpg,data/raw_frames/bar_stage/day1 (04-08)/bar_stage_day1_18-04-57.jpg,18:04:57,2,1480.9,456.79,1615.13,772.11,134.23,315.32,42324.71,1548.02,614.45,0.3531
bar_stage,day1,bar_stage_day1_18-04-57.jpg,data/raw_frames/bar_stage/day1 (04-08)/bar_stage_day1_18-04-57.jpg,18:04:57,3,894.51,301.71,1024.53,485.81,130.01,184.1,23935.33,959.52,393.76,0.3005
bar_stage,day1,bar_stage_day1_18-05-00.jpg,data/raw_frames/bar_stage/day1 (04-08)/bar_stage_day1_18-05-00.jpg,18:05:00,1,1650.33,318.26,1774.73,620.48,124.39,302.22,37593.6,1712.53,469.37,0.4569
bar_stage,day1,bar_stage_day1_18-05-00.jpg,data/raw_frames/bar_stage/day1 (04-08)/bar_stage_day1_18-05-00.jpg,18:05:00,2,808.03,318.33,892.88,473.17,84.85,154.84,13138.01,850.45,395.75,0.398
bar_stage,day1,bar_stage_day1_18-05-00.jpg,data/raw_frames/bar_stage/day1 (04-08)/bar_stage_day1_18-05-00.jpg,18:05:00,3,1476.84,453.92,1614.87,775.37,138.04,321.45,44372.98,1545.85,614.65,0.3159
bar_stage,day1,bar_stage_day1_18-05-03.jpg,data/raw_frames/bar_stage/day1 (04-08)/bar_stage_day1_18-05-03.jpg,18:05:03,1,607.92,362.79,897.61,991.14,289.69,628.35,182023.33,752.76,676.96,0.8433
bar_stage,day1,bar_stage_day1_18-05-03.jpg,data/raw_frames/bar_stage/day1 (04-08)/bar_stage_day1_18-05-03.jpg,18:05:03,2,1817.4,250.68,1919.5,823.35,102.1,572.66,58466.81,1868.45,537.01,0.6426
bar_stage,day1,bar_stage_day1_18-05-03.jpg,data/raw_frames/bar_stage/day1 (04-08)/bar_stage_day1_18-05-03.jpg,18:05:03,3,1648.07,324.66,1771.99,622.04,123.92,297.38,36851.63,1710.03,473.35,0.5648
bar_stage,day1,bar_stage_day1_18-05-03.jpg,data/raw_frames/bar_stage/day1 (04-08)/bar_stage_day1_18-05-03.jpg,18:05:03,4,1476.8,458.92,1614.45,778.01,137.65,319.09,43921.35,1545.63,618.46,0.3969
bar_stage,day1,bar_stage_day1_18-05-06.jpg,data/raw_frames/bar_stage/day1 (04-08)/bar_stage_day1_18-05-06.jpg,18:05:06,1,577.36,375.89,937.93,1011.73,360.57,635.83,229263.99,757.64,693.81,0.8068
bar_stage,day1,bar_stage_day1_18-05-06.jpg,data/raw_frames/bar_stage/day1 (04-08)/bar_stage_day1_18-05-06.jpg,18:05:06,2,1818.17,223.56,1919.48,825.29,101.31,601.73,60960.76,1868.83,524.42,0.683
bar_stage,day1,bar_stage_day1_18-05-06.jpg,data/raw_frames/bar_stage/day1 (04-08)/bar_stage_day1_18-05-06.jpg,18:05:06,3,834.59,328.92,887.31,468.02,52.72,139.1,7332.8,860.95,398.47,0.4876
bar_stage,day1,bar_stage_day1_18-05-06.jpg,data/raw_frames/bar_stage/day1 (04-08)/bar_stage_day1_18-05-06.jpg,18:05:06,4,1649.01,320.54,1773.56,621.54,124.54,301.0,37487.52,1711.28,471.04,0.452
bar_stage,day1,bar_stage_day1_18-05-06.jpg,data/raw_frames/bar_stage/day1 (04-08)/bar_stage_day1_18-05-06.jpg,18:05:06,5,1469.82,458.37,1612.76,767.98,142.94,309.61,44255.54,1541.29,613.18,0.2792
bar_stage,day1,bar_stage_day1_18-05-09.jpg,data/raw_frames/bar_stage/day1 (04-08)/bar_stage_day1_18-05-09.jpg,18:05:09,1,1161.53,342.36,1376.68,922.38,215.15,580.02,124790.21,1269.11,632.37,0.8578
bar_stage,day1,bar_stage_day1_18-05-09.jpg,data/raw_frames/bar_stage/day1 (04-08)/bar_stage_day1_18-05-09.jpg,18:05:09,2,1818.24,262.51,1919.03,829.16,100.79,566.65,57110.72,1868.64,545.83,0.7544
bar_stage,day1,bar_stage_day1_18-05-09.jpg,data/raw_frames/bar_stage/day1 (04-08)/bar_stage_day1_18-05-09.jpg,18:05:09,3,1647.37,320.69,1774.08,622.08,126.71,301.4,38189.34,1710.72,471.38,0.5966
bar_stage,day1,bar_stage_day1_18-05-09.jpg,data/raw_frames/bar_stage/day1 (04-08)/bar_stage_day1_18-05-09.jpg,18:05:09,4,1480.88,455.42,1615.19,773.81,134.32,318.39,42764.05,1548.04,614.62,0.4261
bar_stage,day1,bar_stage_day1_18-05-09.jpg,data/raw_frames/bar_stage/day1 (04-08)/bar_stage_day1_18-05-09.jpg,18:05:09,5,1275.27,208.58,1456.53,765.84,181.27,557.26,101014.54,1365.9,487.21,0.3074
bar_stage,day1,bar_stage_day1_18-05-12.jpg,data/raw_frames/bar_stage/day1 (04-08)/bar_stage_day1_18-05-12.jpg,18:05:12,1,615.74,347.24,887.95,918.92,272.21,571.68,155617.36,751.85,633.08,0.8419
bar_stage,day1,bar_stage_day1_18-05-12.jpg,data/raw_frames/bar_stage/day1 (04-08)/bar_stage_day1_18-05-12.jpg,18:05:12,2,1815.18,273.94,1918.98,832.2,103.79,558.26,57943.64,1867.08,553.07,0.7666
bar_stage,day1,bar_stage_day1_18-05-12.jpg,data/raw_frames/bar_stage/day1 (04-08)/bar_stage_day1_18-05-12.jpg,18:05:12,3,1482.56,455.07,1615.84,771.53,133.29,316.47,42180.22,1549.2,613.3,0.4933
bar_stage,day1,bar_stage_day1_18-05-12.jpg,data/raw_frames/bar_stage/day1 (04-08)/bar_stage_day1_18-05-12.jpg,18:05:12,4,1649.36,320.33,1774.01,620.64,124.65,300.31,37434.58,1711.68,470.48,0.4836
bar_stage,day1,bar_stage_day1_18-05-12.jpg,data/raw_frames/bar_stage/day1 (04-08)/bar_stage_day1_18-05-12.jpg,18:05:12,5,1196.65,625.57,1294.83,776.57,98.18,151.0,14824.77,1245.74,701.07,0.3279
bar_stage,day1,bar_stage_day1_18-05-12.jpg,data/raw_frames/bar_stage/day1 (04-08)/bar_stage_day1_18-05-12.jpg,18:05:12,6,974.03,373.61,1028.83,459.48,54.81,85.87,4705.92,1001.43,416.55,0.282
bar_stage,day1,bar_stage_day1_18-05-15.jpg,data/raw_frames/bar_stage/day1 (04-08)/bar_stage_day1_18-05-15.jpg,18:05:15,1,827.94,342.26,1072.94,955.52,245.0,613.26,150246.3,950.44,648.89,0.8047
bar_stage,day1,bar_stage_day1_18-05-15.jpg,data/raw_frames/bar_stage/day1 (04-08)/bar_stage_day1_18-05-15.jpg,18:05:15,2,1794.84,269.09,1919.51,826.64,124.67,557.55,69507.06,1857.17,547.87,0.7628
bar_stage,day1,bar_stage_day1_18-05-15.jpg,data/raw_frames/bar_stage/day1 (04-08)/bar_stage_day1_18-05-15.jpg,18:05:15,3,1648.05,321.47,1773.7,622.02,125.65,300.54,37763.49,1710.87,471.75,0.4494
bar_stage,day1,bar_stage_day1_18-05-15.jpg,data/raw_frames/bar_stage/day1 (04-08)/bar_stage_day1_18-05-15.jpg,18:05:15,4,1481.34,454.28,1615.71,775.82,134.38,321.54,43207.0,1548.53,615.05,0.4298
bar_stage,day1,bar_stage_day1_18-05-18.jpg,data/raw_frames/bar_stage/day1 (04-08)/bar_stage_day1_18-05-18.jpg,18:05:18,1,816.1,343.63,1069.3,951.98,253.21,608.35,154040.48,942.7,647.8,0.8222
bar_stage,day1,bar_stage_day1_18-05-18.jpg,data/raw_frames/bar_stage/day1 (04-08)/bar_stage_day1_18-05-18.jpg,18:05:18,2,1795.79,276.09,1919.57,818.32,123.77,542.23,67113.45,1857.68,547.2,0.5726
bar_stage,day1,bar_stage_day1_18-05-18.jpg,data/raw_frames/bar_stage/day1 (04-08)/bar_stage_day1_18-05-18.jpg,18:05:18,3,1647.9,316.24,1774.84,621.0,126.94,304.76,38685.61,1711.37,468.62,0.338
bar_stage,day1,bar_stage_day1_18-05-21.jpg,data/raw_frames/bar_stage/day1 (04-08)/bar_stage_day1_18-05-21.jpg,18:05:21,1,1551.31,342.29,1812.91,963.42,261.6,621.13,162488.16,1682.11,652.86,0.837
bar_stage,day1,bar_stage_day1_18-05-21.jpg,data/raw_frames/bar_stage/day1 (04-08)/bar_stage_day1_18-05-21.jpg,18:05:21,2,1792.73,273.42,1919.0,831.5,126.27,558.08,70467.62,1855.87,552.46,0.7186
bar_stage,day1,bar_stage_day1_18-05-21.jpg,data/raw_frames/bar_stage/day1 (04-08)/bar_stage_day1_18-05-21.jpg,18:05:21,3,1485.67,454.06,1612.82,783.59,127.15,329.54,41900.78,1549.24,618.83,0.439
bar_stage,day1,bar_stage_day1_18-05-24.jpg,data/raw_frames/bar_stage/day1 (04-08)/bar_stage_day1_18-05-24.jpg,18:05:24,1,1174.15,351.06,1453.79,929.52,279.64,578.45,161758.48,1313.97,640.29,0.8422
bar_stage,day1,bar_stage_day1_18-05-24.jpg,data/raw_frames/bar_stage/day1 (04-08)/bar_stage_day1_18-05-24.jpg,18:05:24,2,1795.67,275.96,1919.57,828.09,123.9,552.13,68407.82,1857.62,552.02,0.8149
bar_stage,day1,bar_stage_day1_18-05-24.jpg,data/raw_frames/bar_stage/day1 (04-08)/bar_stage_day1_18-05-24.jpg,18:05:24,3,1649.85,318.2,1776.51,621.24,126.66,303.04,38382.18,1713.18,469.72,0.5496
bar_stage,day1,bar_stage_day1_18-05-24.jpg,data/raw_frames/bar_stage/day1 (04-08)/bar_stage_day1_18-05-24.jpg,18:05:24,4,1484.51,451.8,1610.89,766.25,126.38,314.45,39740.34,1547.7,609.03,0.3292
bar_stage,day1,bar_stage_day1_18-05-24.jpg,data/raw_frames/bar_stage/day1 (04-08)/bar_stage_day1_18-05-24.jpg,18:05:24,5,884.12,357.13,958.9,487.85,74.77,130.71,9773.38,921.51,422.49,0.2936
bar_stage,day1,bar_stage_day1_18-05-24.jpg,data/raw_frames/bar_stage/day1 (04-08)/bar_stage_day1_18-05-24.jpg,18:05:24,6,840.53,355.75,960.48,490.6,119.95,134.85,16175.6,900.5,423.17,0.2722
bar_stage,day1,bar_stage_day1_18-05-27.jpg,data/raw_frames/bar_stage/day1 (04-08)/bar_stage_day1_18-05-27.jpg,18:05:27,1,1792.16,277.35,1919.59,848.7,127.44,571.36,72811.01,1855.88,563.03,0.8241
bar_stage,day1,bar_stage_day1_18-05-27.jpg,data/raw_frames/bar_stage/day1 (04-08)/bar_stage_day1_18-05-27.jpg,18:05:27,2,1342.05,359.61,1627.99,965.96,285.94,606.35,173377.61,1485.02,662.79,0.8132
bar_stage,day1,bar_stage_day1_18-05-27.jpg,data/raw_frames/bar_stage/day1 (04-08)/bar_stage_day1_18-05-27.jpg,18:05:27,3,1648.58,323.34,1771.33,620.35,122.76,297.01,36459.63,1709.95,471.85,0.6866
bar_stage,day1,bar_stage_day1_18-05-30.jpg,data/raw_frames/bar_stage/day1 (04-08)/bar_stage_day1_18-05-30.jpg,18:05:30,1,983.32,357.28,1275.25,990.66,291.93,633.38,184903.24,1129.29,673.97,0.8803
bar_stage,day1,bar_stage_day1_18-05-30.jpg,data/raw_frames/bar_stage/day1 (04-08)/bar_stage_day1_18-05-30.jpg,18:05:30,2,1796.51,274.67,1919.59,830.52,123.08,555.85,68415.16,1858.05,552.6,0.7981
bar_stage,day1,bar_stage_day1_18-05-30.jpg,data/raw_frames/bar_stage/day1 (04-08)/bar_stage_day1_18-05-30.jpg,18:05:30,3,1646.81,320.96,1771.8,620.41,124.99,299.45,37430.09,1709.3,470.68,0.5628
bar_stage,day1,bar_stage_day1_18-05-30.jpg,data/raw_frames/bar_stage/day1 (04-08)/bar_stage_day1_18-05-30.jpg,18:05:30,4,1481.07,168.11,1616.2,767.92,135.13,599.81,81049.8,1548.63,468.02,0.3538
bar_stage,day1,bar_stage_day1_18-05-33.jpg,data/raw_frames/bar_stage/day1 (04-08)/bar_stage_day1_18-05-33.jpg,18:05:33,1,1440.29,372.68,1705.27,1043.26,264.98,670.58,177689.64,1572.78,707.97,0.798
bar_stage,day1,bar_stage_day1_18-05-33.jpg,data/raw_frames/bar_stage/day1 (04-08)/bar_stage_day1_18-05-33.jpg,18:05:33,2,1679.58,281.39,1833.81,806.08,154.24,524.69,80926.56,1756.7,543.74,0.688
bar_stage,day1,bar_stage_day1_18-05-33.jpg,data/raw_frames/bar_stage/day1 (04-08)/bar_stage_day1_18-05-33.jpg,18:05:33,3,1330.61,487.95,1461.56,773.44,130.95,285.49,37385.21,1396.09,630.69,0.4753
bar_stage,day1,bar_stage_day1_18-05-36.jpg,data/raw_frames/bar_stage/day1 (04-08)/bar_stage_day1_18-05-36.jpg,18:05:36,1,1676.04,276.86,1844.22,822.01,168.18,545.15,91682.72,1760.13,549.43,0.7917
bar_stage,day1,bar_stage_day1_18-05-36.jpg,data/raw_frames/bar_stage/day1 (04-08)/bar_stage_day1_18-05-36.jpg,18:05:36,2,1323.19,349.45,1588.61,957.8,265.42,608.36,161467.97,1455.9,653.62,0.6631
bar_stage,day1,bar_stage_day1_18-05-39.jpg,data/raw_frames/bar_stage/day1 (04-08)/bar_stage_day1_18-05-39.jpg,18:05:39,1,511.97,342.26,702.59,851.93,190.63,509.67,97156.76,607.28,597.09,0.82
bar_stage,day1,bar_stage_day1_18-05-39.jpg,data/raw_frames/bar_stage/day1 (04-08)/bar_stage_day1_18-05-39.jpg,18:05:39,2,1732.04,286.26,1917.01,823.42,184.96,537.15,99353.79,1824.52,554.84,0.8096
bar_stage,day1,bar_stage_day1_18-05-39.jpg,data/raw_frames/bar_stage/day1 (04-08)/bar_stage_day1_18-05-39.jpg,18:05:39,3,1486.72,455.56,1611.45,769.31,124.74,313.76,39136.77,1549.08,612.43,0.4194
bar_stage,day1,bar_stage_day1_18-05-39.jpg,data/raw_frames/bar_stage/day1 (04-08)/bar_stage_day1_18-05-39.jpg,18:05:39,4,1650.63,320.77,1771.36,627.59,120.73,306.82,37041.51,1710.99,474.18,0.3135
bar_stage,day1,bar_stage_day1_18-05-39.jpg,data/raw_frames/bar_stage/day1 (04-08)/bar_stage_day1_18-05-39.jpg,18:05:39,5,1651.72,309.25,1770.11,758.16,118.4,448.91,53149.94,1710.92,533.7,0.2791
bar_stage,day1,bar_stage_day1_18-05-42.jpg,data/raw_frames/bar_stage/day1 (04-08)/bar_stage_day1_18-05-42.jpg,18:05:42,1,514.52,334.84,684.43,851.11,169.91,516.27,87719.23,599.48,592.97,0.7456
bar_stage,day1,bar_stage_day1_18-05-42.jpg,data/raw_frames/bar_stage/day1 (04-08)/bar_stage_day1_18-05-42.jpg,18:05:42,2,1678.67,274.53,1824.12,900.37,145.45,625.84,91030.98,1751.39,587.45,0.6608
bar_stage,day1,bar_stage_day1_18-05-42.jpg,data/raw_frames/bar_stage/day1 (04-08)/bar_stage_day1_18-05-42.jpg,18:05:42,3,1483.86,454.48,1611.48,778.94,127.62,324.46,41407.76,1547.67,616.71,0.556
bar_stage,day1,bar_stage_day1_18-05-42.jpg,data/raw_frames/bar_stage/day1 (04-08)/bar_stage_day1_18-05-42.jpg,18:05:42,4,419.17,360.79,524.09,782.25,104.93,421.47,44222.42,471.63,571.52,0.3904
bar_stage,day1,bar_stage_day1_18-05-45.jpg,data/raw_frames/bar_stage/day1 (04-08)/bar_stage_day1_18-05-45.jpg,18:05:45,1,1728.06,292.55,1905.9,829.97,177.84,537.42,95575.33,1816.98,561.26,0.8265
bar_stage,day1,bar_stage_day1_18-05-45.jpg,data/raw_frames/bar_stage/day1 (04-08)/bar_stage_day1_18-05-45.jpg,18:05:45,2,1210.07,358.34,1426.95,957.33,216.88,598.99,129906.48,1318.51,657.84,0.8264
bar_stage,day1,bar_stage_day1_18-05-45.jpg,data/raw_frames/bar_stage/day1 (04-08)/bar_stage_day1_18-05-45.jpg,18:05:45,3,1648.07,320.9,1774.19,618.87,126.12,297.97,37579.01,1711.13,469.88,0.5359
bar_stage,day1,bar_stage_day1_18-05-45.jpg,data/raw_frames/bar_stage/day1 (04-08)/bar_stage_day1_18-05-45.jpg,18:05:45,4,820.98,327.11,888.11,469.94,67.13,142.84,9588.01,854.54,398.52,0.4994
bar_stage,day1,bar_stage_day1_18-05-45.jpg,data/raw_frames/bar_stage/day1 (04-08)/bar_stage_day1_18-05-45.jpg,18:05:45,5,1495.1,247.53,1616.55,779.42,121.46,531.89,64601.28,1555.82,513.47,0.3131
bar_stage,day1,bar_stage_day1_18-05-48.jpg,data/raw_frames/bar_stage/day1 (04-08)/bar_stage_day1_18-05-48.jpg,18:05:48,1,1754.11,290.75,1918.08,819.13,163.97,528.38,86640.84,1836.1,554.94,0.8218
bar_stage,day1,bar_stage_day1_18-05-48.jpg,data/raw_frames/bar_stage/day1 (04-08)/bar_stage_day1_18-05-48.jpg,18:05:48,2,1249.39,351.57,1469.94,886.05,220.55,534.48,117878.37,1359.66,618.81,0.7542
bar_stage,day1,bar_stage_day1_18-05-48.jpg,data/raw_frames/bar_stage/day1 (04-08)/bar_stage_day1_18-05-48.jpg,18:05:48,3,1648.01,316.64,1775.85,621.16,127.84,304.52,38929.5,1711.93,468.9,0.5634
bar_stage,day1,bar_stage_day1_18-05-48.jpg,data/raw_frames/bar_stage/day1 (04-08)/bar_stage_day1_18-05-48.jpg,18:05:48,4,937.92,402.09,1043.74,548.32,105.82,146.22,15473.79,990.83,475.2,0.4122
bar_stage,day1,bar_stage_day1_18-05-48.jpg,data/raw_frames/bar_stage/day1 (04-08)/bar_stage_day1_18-05-48.jpg,18:05:48,5,1484.81,445.8,1612.82,777.04,128.01,331.23,42401.21,1548.82,611.42,0.3656
bar_stage,day1,bar_stage_day1_18-05-51.jpg,data/raw_frames/bar_stage/day1 (04-08)/bar_stage_day1_18-05-51.jpg,18:05:51,1,484.59,351.45,691.78,996.57,207.18,645.12,133658.01,588.19,674.01,0.826
bar_stage,day1,bar_stage_day1_18-05-51.jpg,data/raw_frames/bar_stage/day1 (04-08)/bar_stage_day1_18-05-51.jpg,18:05:51,2,1730.49,289.35,1918.43,825.54,187.93,536.19,100767.62,1824.46,557.44,0.7848
bar_stage,day1,bar_stage_day1_18-05-51.jpg,data/raw_frames/bar_stage/day1 (04-08)/bar_stage_day1_18-05-51.jpg,18:05:51,3,1654.69,321.52,1770.93,813.27,116.24,491.75,57159.94,1712.81,567.39,0.3412
bar_stage,day1,bar_stage_day1_18-05-51.jpg,data/raw_frames/bar_stage/day1 (04-08)/bar_stage_day1_18-05-51.jpg,18:05:51,4,1654.26,325.56,1770.28,621.81,116.03,296.25,34372.81,1712.27,473.69,0.3399
bar_stage,day1,bar_stage_day1_18-05-54.jpg,data/raw_frames/bar_stage/day1 (04-08)/bar_stage_day1_18-05-54.jpg,18:05:54,1,689.24,346.74,900.0,955.67,210.76,608.93,128339.5,794.62,651.21,0.8402
bar_stage,day1,bar_stage_day1_18-05-54.jpg,data/raw_frames/bar_stage/day1 (04-08)/bar_stage_day1_18-05-54.jpg,18:05:54,2,1783.07,280.89,1919.15,815.8,136.08,534.9,72791.13,1851.11,548.34,0.7941
bar_stage,day1,bar_stage_day1_18-05-54.jpg,data/raw_frames/bar_stage/day1 (04-08)/bar_stage_day1_18-05-54.jpg,18:05:54,3,1651.43,325.62,1776.26,622.67,124.83,297.05,37080.15,1713.85,474.15,0.4598
bar_stage,day1,bar_stage_day1_18-05-54.jpg,data/raw_frames/bar_stage/day1 (04-08)/bar_stage_day1_18-05-54.jpg,18:05:54,4,1481.42,451.48,1611.82,773.45,130.4,321.97,41985.72,1546.62,612.46,0.2642
bar_stage,day1,bar_stage_day1_18-05-57.jpg,data/raw_frames/bar_stage/day1 (04-08)/bar_stage_day1_18-05-57.jpg,18:05:57,1,1822.17,291.03,1919.5,827.74,97.32,536.7,52234.7,1870.83,559.38,0.7452
bar_stage,day1,bar_stage_day1_18-05-57.jpg,data/raw_frames/bar_stage/day1 (04-08)/bar_stage_day1_18-05-57.jpg,18:05:57,2,505.14,331.62,632.13,814.67,126.99,483.05,61343.64,568.63,573.15,0.7118
bar_stage,day1,bar_stage_day1_18-05-57.jpg,data/raw_frames/bar_stage/day1 (04-08)/bar_stage_day1_18-05-57.jpg,18:05:57,3,1651.13,326.53,1771.2,621.25,120.07,294.72,35387.17,1711.17,473.89,0.5991
bar_stage,day1,bar_stage_day1_18-05-57.jpg,data/raw_frames/bar_stage/day1 (04-08)/bar_stage_day1_18-05-57.jpg,18:05:57,4,830.68,321.91,893.1,470.18,62.42,148.26,9254.12,861.89,396.04,0.3337
bar_stage,day1,bar_stage_day1_18-06-00.jpg,data/raw_frames/bar_stage/day1 (04-08)/bar_stage_day1_18-06-00.jpg,18:06:00,1,1819.66,287.63,1919.56,870.1,99.9,582.46,58186.39,1869.61,578.87,0.7289
bar_stage,day1,bar_stage_day1_18-06-00.jpg,data/raw_frames/bar_stage/day1 (04-08)/bar_stage_day1_18-06-00.jpg,18:06:00,2,1648.59,323.16,1770.91,621.08,122.32,297.92,36441.57,1709.75,472.12,0.5878
bar_stage,day1,bar_stage_day1_18-06-00.jpg,data/raw_frames/bar_stage/day1 (04-08)/bar_stage_day1_18-06-00.jpg,18:06:00,3,595.5,327.71,732.03,791.65,136.53,463.94,63339.98,663.76,559.68,0.5364
bar_stage,day1,bar_stage_day1_18-06-00.jpg,data/raw_frames/bar_stage/day1 (04-08)/bar_stage_day1_18-06-00.jpg,18:06:00,4,844.76,332.07,893.77,473.99,49.01,141.92,6955.83,869.26,403.03,0.3459
bar_stage,day1,bar_stage_day1_18-06-00.jpg,data/raw_frames/bar_stage/day1 (04-08)/bar_stage_day1_18-06-00.jpg,18:06:00,5,599.45,325.58,729.11,634.29,129.66,308.71,40027.34,664.28,479.94,0.2613
bar_stage,day1,bar_stage_day1_18-06-03.jpg,data/raw_frames/bar_stage/day1 (04-08)/bar_stage_day1_18-06-03.jpg,18:06:03,1,1450.76,284.48,1697.62,981.92,246.86,697.44,172168.96,1574.19,633.2,0.8329
bar_stage,day1,bar_stage_day1_18-06-03.jpg,data/raw_frames/bar_stage/day1 (04-08)/bar_stage_day1_18-06-03.jpg,18:06:03,2,1653.34,319.27,1769.96,619.56,116.62,300.29,35019.29,1711.65,469.42,0.4489
bar_stage,day1,bar_stage_day1_18-06-03.jpg,data/raw_frames/bar_stage/day1 (04-08)/bar_stage_day1_18-06-03.jpg,18:06:03,3,946.4,356.64,1034.1,493.78,87.7,137.14,12027.14,990.25,425.21,0.3663
bar_stage,day1,bar_stage_day1_18-06-03.jpg,data/raw_frames/bar_stage/day1 (04-08)/bar_stage_day1_18-06-03.jpg,18:06:03,4,942.23,357.95,1034.53,543.26,92.3,185.31,17104.93,988.38,450.61,0.3278
bar_stage,day1,bar_stage_day1_18-06-03.jpg,data/raw_frames/bar_stage/day1 (04-08)/bar_stage_day1_18-06-03.jpg,18:06:03,5,418.52,285.63,552.58,789.24,134.06,503.61,67511.57,485.55,537.43,0.3105
bar_stage,day1,bar_stage_day1_18-06-06.jpg,data/raw_frames/bar_stage/day1 (04-08)/bar_stage_day1_18-06-06.jpg,18:06:06,1,1452.02,293.24,1699.73,972.27,247.71,679.02,168202.86,1575.87,632.76,0.8072
bar_stage,day1,bar_stage_day1_18-06-06.jpg,data/raw_frames/bar_stage/day1 (04-08)/bar_stage_day1_18-06-06.jpg,18:06:06,2,1658.27,321.98,1773.14,625.28,114.87,303.3,34838.8,1715.71,473.63,0.3617
bar_stage,day1,bar_stage_day1_18-06-06.jpg,data/raw_frames/bar_stage/day1 (04-08)/bar_stage_day1_18-06-06.jpg,18:06:06,3,1643.41,324.27,1790.48,818.09,147.07,493.82,72624.45,1716.95,571.18,0.267
bar_stage,day1,bar_stage_day1_18-06-09.jpg,data/raw_frames/bar_stage/day1 (04-08)/bar_stage_day1_18-06-09.jpg,18:06:09,1,1384.98,278.04,1682.01,975.14,297.03,697.1,207056.89,1533.49,626.59,0.8332
bar_stage,day1,bar_stage_day1_18-06-09.jpg,data/raw_frames/bar_stage/day1 (04-08)/bar_stage_day1_18-06-09.jpg,18:06:09,2,817.13,330.84,885.85,474.56,68.72,143.72,9876.85,851.49,402.7,0.4717
bar_stage,day1,bar_stage_day1_18-06-09.jpg,data/raw_frames/bar_stage/day1 (04-08)/bar_stage_day1_18-06-09.jpg,18:06:09,3,1647.31,313.48,1774.74,625.6,127.43,312.12,39773.69,1711.02,469.54,0.3018
bar_stage,day1,bar_stage_day1_18-06-09.jpg,data/raw_frames/bar_stage/day1 (04-08)/bar_stage_day1_18-06-09.jpg,18:06:09,4,909.31,298.94,956.82,478.02,47.51,179.08,8507.43,933.07,388.48,0.2565
bar_stage,day1,bar_stage_day1_18-06-12.jpg,data/raw_frames/bar_stage/day1 (04-08)/bar_stage_day1_18-06-12.jpg,18:06:12,1,1743.72,282.12,1919.47,836.69,175.76,554.57,97470.91,1831.59,559.41,0.8366
bar_stage,day1,bar_stage_day1_18-06-12.jpg,data/raw_frames/bar_stage/day1 (04-08)/bar_stage_day1_18-06-12.jpg,18:06:12,2,1226.11,287.41,1423.46,917.72,197.36,630.31,124396.84,1324.79,602.56,0.8315
bar_stage,day1,bar_stage_day1_18-06-12.jpg,data/raw_frames/bar_stage/day1 (04-08)/bar_stage_day1_18-06-12.jpg,18:06:12,3,1654.2,323.38,1771.97,620.76,117.77,297.37,35022.68,1713.09,472.07,0.5036
bar_stage,day1,bar_stage_day1_18-06-15.jpg,data/raw_frames/bar_stage/day1 (04-08)/bar_stage_day1_18-06-15.jpg,18:06:15,1,1252.45,287.5,1412.41,947.1,159.96,659.6,105512.28,1332.43,617.3,0.8126
bar_stage,day1,bar_stage_day1_18-06-15.jpg,data/raw_frames/bar_stage/day1 (04-08)/bar_stage_day1_18-06-15.jpg,18:06:15,2,1635.62,325.08,1772.71,621.8,137.09,296.72,40678.36,1704.16,473.44,0.5425
bar_stage,day1,bar_stage_day1_18-06-15.jpg,data/raw_frames/bar_stage/day1 (04-08)/bar_stage_day1_18-06-15.jpg,18:06:15,3,1834.03,295.0,1919.54,872.81,85.51,577.81,49408.79,1876.79,583.9,0.4028
bar_stage,day1,bar_stage_day1_18-06-18.jpg,data/raw_frames/bar_stage/day1 (04-08)/bar_stage_day1_18-06-18.jpg,18:06:18,1,1448.06,296.87,1655.49,964.79,207.43,667.93,138547.01,1551.78,630.83,0.8665
bar_stage,day1,bar_stage_day1_18-06-18.jpg,data/raw_frames/bar_stage/day1 (04-08)/bar_stage_day1_18-06-18.jpg,18:06:18,2,1791.68,276.43,1919.71,867.86,128.03,591.42,75719.79,1855.69,572.14,0.8229
bar_stage,day1,bar_stage_day1_18-06-18.jpg,data/raw_frames/bar_stage/day1 (04-08)/bar_stage_day1_18-06-18.jpg,18:06:18,3,1654.17,324.39,1772.43,621.75,118.26,297.37,35165.99,1713.3,473.07,0.2532
bar_stage,day1,bar_stage_day1_18-06-21.jpg,data/raw_frames/bar_stage/day1 (04-08)/bar_stage_day1_18-06-21.jpg,18:06:21,1,1411.78,282.69,1648.83,931.05,237.05,648.36,153695.13,1530.3,606.87,0.4826
bar_stage,day1,bar_stage_day1_18-06-21.jpg,data/raw_frames/bar_stage/day1 (04-08)/bar_stage_day1_18-06-21.jpg,18:06:21,2,779.05,327.41,893.14,481.87,114.08,154.46,17621.52,836.1,404.64,0.4645
bar_stage,day1,bar_stage_day1_18-06-21.jpg,data/raw_frames/bar_stage/day1 (04-08)/bar_stage_day1_18-06-21.jpg,18:06:21,3,1649.06,326.54,1772.3,620.4,123.24,293.86,36216.15,1710.68,473.47,0.4122
bar_stage,day1,bar_stage_day1_18-06-24.jpg,data/raw_frames/bar_stage/day1 (04-08)/bar_stage_day1_18-06-24.jpg,18:06:24,1,1265.45,229.04,1533.16,945.99,267.71,716.94,191932.35,1399.3,587.51,0.795
bar_stage,day1,bar_stage_day1_18-06-24.jpg,data/raw_frames/bar_stage/day1 (04-08)/bar_stage_day1_18-06-24.jpg,18:06:24,2,766.02,324.22,895.61,480.05,129.58,155.83,20192.63,830.82,402.14,0.7136
bar_stage,day1,bar_stage_day1_18-06-24.jpg,data/raw_frames/bar_stage/day1 (04-08)/bar_stage_day1_18-06-24.jpg,18:06:24,3,1650.88,320.44,1773.9,622.69,123.02,302.25,37184.31,1712.39,471.57,0.5845
bar_stage,day1,bar_stage_day1_18-06-24.jpg,data/raw_frames/bar_stage/day1 (04-08)/bar_stage_day1_18-06-24.jpg,18:06:24,4,1490.71,177.07,1620.72,775.35,130.01,598.28,77783.0,1555.72,476.21,0.3677
bar_stage,day1,bar_stage_day1_18-06-24.jpg,data/raw_frames/bar_stage/day1 (04-08)/bar_stage_day1_18-06-24.jpg,18:06:24,5,912.09,299.83,959.12,474.44,47.03,174.61,8211.44,935.61,387.13,0.3493
